slug,platform,feed_segment,feed_url,download_url,version,output_filename,release_date,sha512,size_bytes,fetch_error,local_folder,local_product_version,source,bucket,region
edamla-ades2,windows,win64,https://e-damla.ams3.digitaloceanspaces.com/autoupdate/edamla-ades2/win64/latest.yml,https://e-damla.ams3.digitaloceanspaces.com/autoupdate/edamla-ades2/win64/Ak%C4%B1ll%C4%B1%20Damla%20E%C4%9Fitim%20Seti%202.exe,2026.9.2,Akıllı Damla Eğitim Seti 2,2026-09-21T14:53:09Z,3308b32f1561ea99911af2251ac7d431e557f90b96e4c8061d47a305689ce98b7179b24398182aef4550412353e9e08fd77a6413bfed48bfe317cd1a77784720,,,,,spaces,e-damla,ams3
edamla-ades2,linux,linux64,https://e-damla.ams3.digitaloceanspaces.com/autoupdate/edamla-ades2/linux64/latest.yml,https://e-damla.ams3.digitaloceanspaces.com/autoupdate/edamla-ades2/linux64/Ak%C4%B1ll%C4%B1%20Damla%20E%C4%9Fitim%20Seti%202.AppImage,2026.9.2,Akıllı Damla Eğitim Seti 2,2026-09-17T07:48:30Z,639573f05ba682ee0ef960fac22bc7093f64dc910f317ce195c2fc12dc176d9466f921e05cdd749df4611111055aae6e6f270b2d9a8ce6c6f4b642272167ebbe,,,,,spaces,e-damla,ams3
edamla-adtumdersler2,windows,win64,https://e-damla.ams3.digitaloceanspaces.com/autoupdate/edamla-adtumdersler2/win64/latest.yml,https://e-damla.ams3.digitaloceanspaces.com/autoupdate/edamla-adtumdersler2/win64/T%C3%BCm%20Dersler%20Soru%20Bankas%C4%B1%202.%20S%C4%B1n%C4%B1f.exe,2026.9.1,Tüm Dersler Soru Bankası 2. Sınıf,2026-09-10T16:01:20Z,156b1f87c83aebb5db8d958f9486840e90e71f593f19953b606aec629708499254178d28db351eb7c19aa515623310dcf217fe93fbd621d3c3709645aab48817,,,,,spaces,e-damla,ams3
edamla-adtumdersler2,linux,linux64,https://e-damla.ams3.digitaloceanspaces.com/autoupdate/edamla-adtumdersler2/linux64/latest.yml,https://e-damla.ams3.digitaloceanspaces.com/autoupdate/edamla-adtumdersler2/linux64/T%C3%BCm%20Dersler%20Soru%20Bankas%C4%B1%202.%20S%C4%B1n%C4%B1f.AppImage,2026.9.1,Tüm Dersler Soru Bankası 2. Sınıf,2026-09-16T16:24:14Z,cdc96b393da197d0bca759f9846abeb270a5021a0f69715dcc443d2412e31ae35bcfb3892a3d6197b216820d6dacb6407528ac7b684ad7f251b0fa83cb5558c3,,,,,spaces,e-damla,ams3
edamla-adtumdersler3,windows,win64,https://e-damla.ams3.digitaloceanspaces.com/autoupdate/edamla-adtumdersler3/win64/latest.yml,https://e-damla.ams3.digitaloceanspaces.com/autoupdate/edamla-adtumdersler3/win64/T%C3%BCm%20Dersler%20Soru%20Bankas%C4%B1%203.%20S%C4%B1n%C4%B1f.exe,2026.9.11,Tüm Dersler Soru Bankası 3. Sınıf,2026-09-11T09:59:42Z,2a7112184d1d8879212df7fa0dba543fd285019a3955ba753d3494c3a9ba85fa6c34829fc73eb88260ab3f592f18c74da12c7293eba8c345960017d2eacc4bae,,,,,spaces,e-damla,ams3
edamla-adtumdersler3,linux,linux64,https://e-damla.ams3.digitaloceanspaces.com/autoupdate/edamla-adtumdersler3/linux64/latest.yml,https://e-damla.ams3.digitaloceanspaces.com/autoupdate/edamla-adtumdersler3/linux64/T%C3%BCm%20Dersler%20Soru%20Bankas%C4%B1%203.%20S%C4%B1n%C4%B1f.AppImage,2026.9.1,Tüm Dersler Soru Bankası 3. Sınıf,2026-09-16T16:30:18Z,965f010df8c631adec675c23f66acef7b9789832a299fb9ff2d3d43449112272f5655950dc81bd95cbbd50c83b56158a1a9e3cb9ff34528cbadc282425ed6935,,,,,spaces,e-damla,ams3
edamla-adtumdersler4,windows,win64,https://e-damla.ams3.digitaloceanspaces.com/autoupdate/edamla-adtumdersler4/win64/latest.yml,https://e-damla.ams3.digitaloceanspaces.com/autoupdate/edamla-adtumdersler4/win64/T%C3%BCm%20Dersler%20Soru%20Bankas%C4%B1%204%20S%C4%B1n%C4%B1f.exe,2026.9.2,Tüm Dersler Soru Bankası 4 Sınıf,2026-09-11T14:59:35Z,ee0bee4334f047545f8f1e0adf779d3f6e68790e59607a5ff2a67e678ca852cf0b7b25fee695d168a2da9c4f40eec3777586cb61ef268cc712e19bcecf8e1545,,,,,spaces,e-damla,ams3
edamla-adtumdersler4,linux,linux64,https://e-damla.ams3.digitaloceanspaces.com/autoupdate/edamla-adtumdersler4/linux64/latest.yml,https://e-damla.ams3.digitaloceanspaces.com/autoupdate/edamla-adtumdersler4/linux64/T%C3%BCm%20Dersler%20Soru%20Bankas%C4%B1%204%20S%C4%B1n%C4%B1f.AppImage,2026.9.2,Tüm Dersler Soru Bankası 4 Sınıf,2026-09-16T16:36:20Z,47f6b7bf3165423ce3635831af0d1911b315581f6989d9e04047458c836ba6dab87baae3a463151d0f620c0776dd7ecaf8b678d5bfec1cd9f245ae0da745c644,,,,,spaces,e-damla,ams3
edamla-atasozukartlari,windows,win64,https://e-damla.ams3.digitaloceanspaces.com/autoupdate/edamla-atasozukartlari/win64/latest.yml,https://e-damla.ams3.digitaloceanspaces.com/autoupdate/edamla-atasozukartlari/win64/E-Damla%20Atas%C3%B6z%C3%BC%20Kartlar%C4%B1.exe,2026.9.1,E-Damla Atasözü Kartları,2026-09-22T08:40:49Z,254bd5b1de3f1690b1a7530683d58381047f2c338cc472452c946ab2d7b618591122e730230ab1c8eafc14147912189d29054903b023b39ff1b9546463253334,,,,,spaces,e-damla,ams3
edamla-atasozukartlari,linux,linux64,https://e-damla.ams3.digitaloceanspaces.com/autoupdate/edamla-atasozukartlari/linux64/latest.yml,https://e-damla.ams3.digitaloceanspaces.com/autoupdate/edamla-atasozukartlari/linux64/E-Damla%20Atas%C3%B6z%C3%BC%20Kartlar%C4%B1.AppImage,2026.9.1,E-Damla Atasözü Kartları,2026-09-24T12:05:23Z,984a157f81c823db317c78bd724c53389c9d69b8ddce0d7f5a1dd1b672d72fcedacde9b5d3626917fe7ca541f766026f28f4700155dad66a8741bbc8dd32e34b,,,,,spaces,e-damla,ams3
edamla-bilgiatolyesi2hb,windows,win64,https://e-damla.ams3.digitaloceanspaces.com/autoupdate/edamla-bilgiatolyesi2hb/win64/latest.yml,https://e-damla.ams3.digitaloceanspaces.com/autoupdate/edamla-bilgiatolyesi2hb/win64/E-Damla%20Bilgi%20At%C3%B6lyesi%202%20Hayat%20Bilgisi.exe,2026.9.1,E-Damla Bilgi Atölyesi 2 Hayat Bilgisi,2026-09-21T15:25:39Z,9f560c09fa1c0dc3e9823c8ef428f683c37b4ce0b156687588c9a7b5e449dd57e182a19ded2e23f2959fc059242b9890835ebf757294ce4dd56b40f68a948105,,,,,spaces,e-damla,ams3
edamla-bilgiatolyesi2hb,linux,linux64,https://e-damla.ams3.digitaloceanspaces.com/autoupdate/edamla-bilgiatolyesi2hb/linux64/latest.yml,https://e-damla.ams3.digitaloceanspaces.com/autoupdate/edamla-bilgiatolyesi2hb/linux64/E-Damla%20Bilgi%20At%C3%B6lyesi%202%20Hayat%20Bilgisi.AppImage,2026.9.1,E-Damla Bilgi Atölyesi 2 Hayat Bilgisi,2026-09-24T14:21:15Z,fce1cccf8b35aae0c5bd8c373c0e46c3cdf455db50c5bae02ca9da8306a13d7f6c2247d8bf4b0019854a5b5afbff50e53545512f02f0749d91573b0fc1c122f7,,,,,spaces,e-damla,ams3
edamla-bilgiatolyesi2mat,windows,win64,https://e-damla.ams3.digitaloceanspaces.com/autoupdate/edamla-bilgiatolyesi2mat/win64/latest.yml,https://e-damla.ams3.digitaloceanspaces.com/autoupdate/edamla-bilgiatolyesi2mat/win64/E-Damla%20Bilgi%20At%C3%B6lyesi%202%20Matematik.exe,2026.9.1,E-Damla Bilgi Atölyesi 2 Matematik,2026-09-21T15:35:03Z,2dcde7cd816eaa0e5e847a15897a40047792128b304f61cac842db6da3d4c197f85145d3b1e3c557b569cc68926d876724a502b56ddf989ae6f365706b5bd842,,,,,spaces,e-damla,ams3
edamla-bilgiatolyesi2mat,linux,linux64,https://e-damla.ams3.digitaloceanspaces.com/autoupdate/edamla-bilgiatolyesi2mat/linux64/latest.yml,https://e-damla.ams3.digitaloceanspaces.com/autoupdate/edamla-bilgiatolyesi2mat/linux64/E-Damla%20Bilgi%20At%C3%B6lyesi%202%20Matematik.AppImage,2026.9.1,E-Damla Bilgi Atölyesi 2 Matematik,2026-09-24T12:10:45Z,26c46226ff2980c0a15b2ce870fc567ecae434558c158034b1f5a5ada8cd1ab05e37b76e634d94432a5981ef58702fb6038cae191af4ecc7ad0dd3a9476ab3e6,,,,,spaces,e-damla,ams3
edamla-bilgiatolyesi2tur,windows,win64,https://e-damla.ams3.digitaloceanspaces.com/autoupdate/edamla-bilgiatolyesi2tur/win64/latest.yml,https://e-damla.ams3.digitaloceanspaces.com/autoupdate/edamla-bilgiatolyesi2tur/win64/E-Damla%20Bilgi%20At%C3%B6lyesi%202%20Turkce.exe,2026.9.1,E-Damla Bilgi Atölyesi 2 Turkce,2026-09-21T15:44:24Z,a71dbec384c9f0518061a7e8ae43b27ca2c2ff2ca112f4062bd90e7ecf7005e6edc2c7479ef9c77d3897e66842049629ee3098c16baa768aa9226f7993798da5,,,,,spaces,e-damla,ams3
edamla-bilgiatolyesi2tur,linux,linux64,https://e-damla.ams3.digitaloceanspaces.com/autoupdate/edamla-bilgiatolyesi2tur/linux64/latest.yml,https://e-damla.ams3.digitaloceanspaces.com/autoupdate/edamla-bilgiatolyesi2tur/linux64/E-Damla%20Bilgi%20At%C3%B6lyesi%202%20Turkce.AppImage,2026.9.1,E-Damla Bilgi Atölyesi 2 Turkce,2026-09-24T14:27:34Z,78c7c64265c88f7a84aa244e178d975f54c62e92b59293ad4e2423db3caaa8b8530f08c64ce56d719b2ef78c372e7ad14563c221768085f9a8ae91a2643cd15e,,,,,spaces,e-damla,ams3
edamla-bilgiatolyesi3fen,windows,win64,https://e-damla.ams3.digitaloceanspaces.com/autoupdate/edamla-bilgiatolyesi3fen/win64/latest.yml,https://e-damla.ams3.digitaloceanspaces.com/autoupdate/edamla-bilgiatolyesi3fen/win64/Bilgi%20At%C3%B6lyesi%203.%20S%C4%B1n%C4%B1f%20Fen%20Bilimleri.exe,2026.9.1,Bilgi Atölyesi 3. Sınıf Fen Bilimleri,2026-09-21T16:05:00Z,d26ee319b5182f11dee975239abf2f5d115c8845bc66ad6383f70a9efd3e2662f6cd3a2537ec40708bb6b41426df219d1295d37c4953f6e3d9b4c1d66df91615,,,,,spaces,e-damla,ams3
edamla-bilgiatolyesi3fen,linux,linux64,https://e-damla.ams3.digitaloceanspaces.com/autoupdate/edamla-bilgiatolyesi3fen/linux64/latest.yml,https://e-damla.ams3.digitaloceanspaces.com/autoupdate/edamla-bilgiatolyesi3fen/linux64/Bilgi%20At%C3%B6lyesi%203.%20S%C4%B1n%C4%B1f%20Fen%20Bilimleri.AppImage,2026.9.1,Bilgi Atölyesi 3. Sınıf Fen Bilimleri,2026-09-24T14:36:37Z,6883a9baa8cc60b02d8e19a35f5fa77125fbb9fe1d044a33246cf9d40130e7a755876366f921a609b4d7f2cd88f28a6f7d14d9e61ac957acb1098bf9a03d3026,,,,,spaces,e-damla,ams3
edamla-bilgiatolyesi3tur,windows,win64,https://e-damla.ams3.digitaloceanspaces.com/autoupdate/edamla-bilgiatolyesi3tur/win64/latest.yml,https://e-damla.ams3.digitaloceanspaces.com/autoupdate/edamla-bilgiatolyesi3tur/win64/Bilgi%20At%C3%B6lyesi%203.S%C4%B1n%C4%B1f%20T%C3%BCrk%C3%A7e.exe,2026.9.1,Bilgi Atölyesi 3.Sınıf Türkçe,2026-09-22T09:08:33Z,8690519b9c77380a20bc96c9960e65f0cc72d1ca7ff1b0e1a235415cd8d50513ebf2cf955fdb1d1e17cec2c3e9b6d38e92791953f6568afebba4c49849ea6126,,,,,spaces,e-damla,ams3
edamla-bilgiatolyesi3tur,linux,linux64,https://e-damla.ams3.digitaloceanspaces.com/autoupdate/edamla-bilgiatolyesi3tur/linux64/latest.yml,https://e-damla.ams3.digitaloceanspaces.com/autoupdate/edamla-bilgiatolyesi3tur/linux64/Bilgi%20At%C3%B6lyesi%203.S%C4%B1n%C4%B1f%20T%C3%BCrk%C3%A7e.AppImage,2026.9.1,Bilgi Atölyesi 3.Sınıf Türkçe,2026-09-24T12:18:36Z,dc11ddc92e5ef5e0936d9af62c84832f9b329cbdc6091ec7d48c0b237c028a09c40143045490a689c9e37d17689622f0b79e7488fa72d82279aed113fe08a327,,,,,spaces,e-damla,ams3
edamla-bilgiatolyesitdsb1,windows,win64,https://e-damla.ams3.digitaloceanspaces.com/autoupdate/edamla-bilgiatolyesitdsb1/win64/latest.yml,https://e-damla.ams3.digitaloceanspaces.com/autoupdate/edamla-bilgiatolyesitdsb1/win64/Bilgi%20At%C3%B6lyesi%20T%C3%BCm%20Dersler%20Soru%20Bankas%C4%B1%201.S%C4%B1n%C4%B1f.exe,2026.9.1,Bilgi Atölyesi Tüm Dersler Soru Bankası 1.Sınıf,2026-09-21T16:50:01Z,3fed9817b7bac1b98a2f1423a9e813074056b636306b7d51a9dab44d60c13d8135b4b2a6c584f39738bcba4062d97ef854b19447887ccceee1d638d938a6a731,,,,,spaces,e-damla,ams3
edamla-bilgiatolyesitdsb1,linux,linux64,https://e-damla.ams3.digitaloceanspaces.com/autoupdate/edamla-bilgiatolyesitdsb1/linux64/latest.yml,https://e-damla.ams3.digitaloceanspaces.com/autoupdate/edamla-bilgiatolyesitdsb1/linux64/Bilgi%20At%C3%B6lyesi%20T%C3%BCm%20Dersler%20Soru%20Bankas%C4%B1%201.S%C4%B1n%C4%B1f.AppImage,2026.9.1,Bilgi Atölyesi Tüm Dersler Soru Bankası 1.Sınıf,2026-09-24T12:24:26Z,7e29a9a00c4d1a3012b068cc8d1a9ca13f00465176ba5981b0cc216ec0b4cf93db91b82188162884a46a5086ba43281771d51e7dc72600c4e7897d64a8f1b908,,,,,spaces,e-damla,ams3
edamla-bilgiatolyesitdsb2,windows,win64,https://e-damla.ams3.digitaloceanspaces.com/autoupdate/edamla-bilgiatolyesitdsb2/win64/latest.yml,https://e-damla.ams3.digitaloceanspaces.com/autoupdate/edamla-bilgiatolyesitdsb2/win64/Bilgi%20At%C3%B6lyesi%20T%C3%BCm%20Dersler%20Soru%20Bankas%C4%B1%202.S%C4%B1n%C4%B1f.exe,2026.9.1,Bilgi Atölyesi Tüm Dersler Soru Bankası 2.Sınıf,2026-09-21T16:52:24Z,5c454e30c0fcfcb5473727593ec758466aab10cbba7fd23e8d935c5eed526e5a9b531fccd38c5174b37416f8f5b8caee85d2739c8692cce87b634aaf82acf8f1,,,,,spaces,e-damla,ams3
edamla-bilgiatolyesitdsb2,linux,linux64,https://e-damla.ams3.digitaloceanspaces.com/autoupdate/edamla-bilgiatolyesitdsb2/linux64/latest.yml,https://e-damla.ams3.digitaloceanspaces.com/autoupdate/edamla-bilgiatolyesitdsb2/linux64/Bilgi%20At%C3%B6lyesi%20T%C3%BCm%20Dersler%20Soru%20Bankas%C4%B1%202.S%C4%B1n%C4%B1f.AppImage,2026.9.1,Bilgi Atölyesi Tüm Dersler Soru Bankası 2.Sınıf,2026-09-24T12:26:47Z,9c06829cb820e27128e805aa10f32f582415b827535eb1ced144a53fedfe8d7a738b4bfc8d01db7cb9c0cfdcc7b07500f9916cdab8a25e1bf1c0bf098eb98901,,,,,spaces,e-damla,ams3
edamla-bilgiatolyesitdsb3,windows,win64,https://e-damla.ams3.digitaloceanspaces.com/autoupdate/edamla-bilgiatolyesitdsb3/win64/latest.yml,https://e-damla.ams3.digitaloceanspaces.com/autoupdate/edamla-bilgiatolyesitdsb3/win64/Bilgi%20At%C3%B6lyesi%20T%C3%BCm%20Dersler%20Soru%20Bankas%C4%B1%203.S%C4%B1n%C4%B1f.exe,2026.9.1,Bilgi Atölyesi Tüm Dersler Soru Bankası 3.Sınıf,2026-09-21T16:56:58Z,eb8e9b36bcd76fde1dcec3d9cf6abad3965f5b8897988493de11504c153c281741668d7febe8beb562473a51f2c9a90dcac86e0a09e41562e0a2e92ceac6365c,,,,,spaces,e-damla,ams3
edamla-bilgiatolyesitdsb3,linux,linux64,https://e-damla.ams3.digitaloceanspaces.com/autoupdate/edamla-bilgiatolyesitdsb3/linux64/latest.yml,https://e-damla.ams3.digitaloceanspaces.com/autoupdate/edamla-bilgiatolyesitdsb3/linux64/Bilgi%20At%C3%B6lyesi%20T%C3%BCm%20Dersler%20Soru%20Bankas%C4%B1%203.S%C4%B1n%C4%B1f.AppImage,2026.9.1,Bilgi Atölyesi Tüm Dersler Soru Bankası 3.Sınıf,2026-09-24T14:46:35Z,1eae2a58f359978bcc191930c7bd4a2fcc5021437c4c3a71e608ae831bcfd02b25edbe598ac9d0a9ccb557e546bc2575cca7bf183a3479950d1783d3b2e8c259,,,,,spaces,e-damla,ams3
edamla-bilgiatolyesitdsb4,windows,win64,https://e-damla.ams3.digitaloceanspaces.com/autoupdate/edamla-bilgiatolyesitdsb4/win64/latest.yml,https://e-damla.ams3.digitaloceanspaces.com/autoupdate/edamla-bilgiatolyesitdsb4/win64/Bilgi%20At%C3%B6lyesi%20T%C3%BCm%20Dersler%20Soru%20Bankas%C4%B1%204.S%C4%B1n%C4%B1f.exe,2026.9.1,Bilgi Atölyesi Tüm Dersler Soru Bankası 4.Sınıf,2026-09-21T17:03:03Z,ce44635a45ae05028e55c61ba5296462718fb412530abb094e5033ab138b4b4b4bf4b594ffa09842d62ee73149b732cbc061f95b37c6d2da8f2094cf66a314d3,,,,,spaces,e-damla,ams3
edamla-bilgiatolyesitdsb4,linux,linux64,https://e-damla.ams3.digitaloceanspaces.com/autoupdate/edamla-bilgiatolyesitdsb4/linux64/latest.yml,https://e-damla.ams3.digitaloceanspaces.com/autoupdate/edamla-bilgiatolyesitdsb4/linux64/Bilgi%20At%C3%B6lyesi%20T%C3%BCm%20Dersler%20Soru%20Bankas%C4%B1%204.S%C4%B1n%C4%B1f.AppImage,2026.9.1,Bilgi Atölyesi Tüm Dersler Soru Bankası 4.Sınıf,2026-09-24T14:49:25Z,0348aff4e9a4b3b4f4165e3e1554070251961cb62859f015aa0e735236d0edb57ba42253d232bb297d367c7da5ae5e8502d26fce1b61ab122218c6602ece8c13,,,,,spaces,e-damla,ams3
edamla-bilgiatolyesiytest3,windows,win64,https://e-damla.ams3.digitaloceanspaces.com/autoupdate/edamla-bilgiatolyesiytest3/win64/latest.yml,https://e-damla.ams3.digitaloceanspaces.com/autoupdate/edamla-bilgiatolyesiytest3/win64/Bilgi%20At%C3%B6lyesi%20Yeni%20Nesil%20Test%203.S%C4%B1n%C4%B1f.exe,2026.9.1,Bilgi Atölyesi Yeni Nesil Test 3.Sınıf,2026-09-21T17:08:10Z,58e8efa41e8e45ab2db34a8f36d30f2d32ecf634026860e527ab0c3d2cf424b9910a16dbeb1fcbd9746f0a961fb316e404fa30dba2a10f0ff0f867991039dc0f,,,,,spaces,e-damla,ams3
edamla-bilgiatolyesiytest3,linux,linux64,https://e-damla.ams3.digitaloceanspaces.com/autoupdate/edamla-bilgiatolyesiytest3/linux64/latest.yml,https://e-damla.ams3.digitaloceanspaces.com/autoupdate/edamla-bilgiatolyesiytest3/linux64/Bilgi%20At%C3%B6lyesi%20Yeni%20Nesil%20Test%203.S%C4%B1n%C4%B1f.AppImage,2026.9.1,Bilgi Atölyesi Yeni Nesil Test 3.Sınıf,2026-09-24T14:52:13Z,85f61e8cfee02d2fe51c8a82b3a599721f38eb58690459e2f76661b0601b80c112b61722bc06ce4fb37f132826f1b22b1b4c3ca007d498935979e38415fa69c6,,,,,spaces,e-damla,ams3
edamla-cilgin-problemler-2,windows,win64,https://e-damla.ams3.digitaloceanspaces.com/autoupdate/edamla-cilgin-problemler-2/win64/latest.yml,https://e-damla.ams3.digitaloceanspaces.com/autoupdate/edamla-cilgin-problemler-2/win64/%C3%87%C4%B1lg%C4%B1n%20Problemler%202.%20S%C4%B1n%C4%B1f.exe,2026.9.24,Çılgın Problemler 2. Sınıf,2026-09-25T12:20:03Z,60ae34b177b838911ab60ecf98c2b27f2a7a39a83ad4e092aaee6efdf65b244da587f3693d7bfff79c5233992c3b7e1e8f7716601c45d6d8005f73df15328a8c,,,,,spaces,e-damla,ams3
edamla-cilgin-problemler-2,linux,linux64,https://e-damla.ams3.digitaloceanspaces.com/autoupdate/edamla-cilgin-problemler-2/linux64/latest.yml,https://e-damla.ams3.digitaloceanspaces.com/autoupdate/edamla-cilgin-problemler-2/linux64/%C3%87%C4%B1lg%C4%B1n%20Problemler%202.%20S%C4%B1n%C4%B1f.AppImage,2026.9.25,Çılgın Problemler 2. Sınıf,2026-09-25T14:53:30Z,baf7ef9153e670b1d39045506f431f7c18381e0f1ab4bf5366ed48475b5a741130c276a952784a3cee39466b557efee5a9be3f36c5daa018c7881c210f932cec,,,,,spaces,e-damla,ams3
edamla-cilgin-problemler-3,windows,win64,https://e-damla.ams3.digitaloceanspaces.com/autoupdate/edamla-cilgin-problemler-3/win64/latest.yml,https://e-damla.ams3.digitaloceanspaces.com/autoupdate/edamla-cilgin-problemler-3/win64/%C3%87%C4%B1lg%C4%B1n%20Problemler%203.S%C4%B1n%C4%B1f.exe,2026.9.2,Çılgın Problemler 3.Sınıf,2026-09-22T11:00:11Z,b1ba1fe2d0e6f81a685fe0e9db91bd73d1b17b74dddfaf0b658ab708000dddf4cdffd8acfa83271c7829bcec538137066e6b92570644715f6add3b93d41ac249,,,,,spaces,e-damla,ams3
edamla-cilgin-problemler-3,linux,linux64,https://e-damla.ams3.digitaloceanspaces.com/autoupdate/edamla-cilgin-problemler-3/linux64/latest.yml,https://e-damla.ams3.digitaloceanspaces.com/autoupdate/edamla-cilgin-problemler-3/linux64/%C3%87%C4%B1lg%C4%B1n%20Problemler%203.S%C4%B1n%C4%B1f.AppImage,2026.9.2,Çılgın Problemler 3.Sınıf,2026-09-17T11:51:42Z,32762a6b5964da0c2e6b22d3b8e6f9070ca8ddeaac40323ee1594a448f562e404612a1d7d2d2fbd89a57177962ad94d8fbfa077b927735cd9b45ecbdcd98907f,,,,,spaces,e-damla,ams3
edamla-cilgin-problemler-4,windows,win64,https://e-damla.ams3.digitaloceanspaces.com/autoupdate/edamla-cilgin-problemler-4/win64/latest.yml,https://e-damla.ams3.digitaloceanspaces.com/autoupdate/edamla-cilgin-problemler-4/win64/%C3%87%C4%B1lg%C4%B1n%20Problemler%204.S%C4%B1n%C4%B1f.exe,2026.9.2,Çılgın Problemler 4.Sınıf,2026-09-22T11:09:09Z,fe0ac19c5ea8d4dd1b361b7bf99b3de9a32d0eb45321c173097b533768bff87574309cb861eee35688ebb38c108f8c4d52b5a9f1da96fe9ecf1cb01048e6a967,,,,,spaces,e-damla,ams3
edamla-cilgin-problemler-4,linux,linux64,https://e-damla.ams3.digitaloceanspaces.com/autoupdate/edamla-cilgin-problemler-4/linux64/latest.yml,https://e-damla.ams3.digitaloceanspaces.com/autoupdate/edamla-cilgin-problemler-4/linux64/%C3%87%C4%B1lg%C4%B1n%20Problemler%204.S%C4%B1n%C4%B1f.AppImage,2026.9.2,Çılgın Problemler 4.Sınıf,2026-09-17T11:54:56Z,94fdad8258010aa1d84a503de162a29e34551ebd0e3d15fe2872bab17ba21868fb0b0d00072963a808811ad908cf392f9a9ffdec1807068d190c0c20d0b63352,,,,,spaces,e-damla,ams3
edamla-denemekitap,windows,win64,https://e-damla.ams3.digitaloceanspaces.com/autoupdate/edamla-denemekitap/win64/latest.yml,https://e-damla.ams3.digitaloceanspaces.com/autoupdate/edamla-denemekitap/win64/E-Damla%20DenemeKitap%20T%C3%BCrkce.exe,2027.9.5,,2026-09-03T13:58:59Z,ec5fc47b55c2d1d2fe5d21c82fdb04958334d7a14385935d93a100298fa58940fdb8169c240e1b94cf89c1ba71c3026388967fe1001291aca681de6fbc2d9cc2,,,,,spaces,e-damla,ams3
edamla-denemekitap,linux,linux64,https://e-damla.ams3.digitaloceanspaces.com/autoupdate/edamla-denemekitap/linux64/latest.yml,https://e-damla.ams3.digitaloceanspaces.com/autoupdate/edamla-denemekitap/linux64/E-Damla%20DenemeKitap%20T%C3%BCrkce.AppImage,2026.9.3,E-Damla DenemeKitap Türkce,2026-09-11T15:20:10Z,c7bd302d8c3f36a27d749f5721e5ba58ece2d146533fdc819a07d512975d0d1f22e3a4409b21dac8af53170c62195922a9ca0e4683f13d52f316176ba7671320,,,,,spaces,e-damla,ams3
edamla-deyimkartlari,windows,win64,https://e-damla.ams3.digitaloceanspaces.com/autoupdate/edamla-deyimkartlari/win64/latest.yml,https://e-damla.ams3.digitaloceanspaces.com/autoupdate/edamla-deyimkartlari/win64/E-Damla%20Deyim%20Kartlar%C4%B1.exe,2026.9.1,E-Damla Deyim Kartları,2026-09-21T17:10:26Z,18f3cf3b67597bdf22d05024fadd33ef9b1f24364e3fc9344ba88624145ed3ba0d494cfc82350594636d823779be35e31d75c4f4e154e14c777d855c1fe9a663,,,,,spaces,e-damla,ams3
edamla-deyimkartlari,linux,linux64,https://e-damla.ams3.digitaloceanspaces.com/autoupdate/edamla-deyimkartlari/linux64/latest.yml,https://e-damla.ams3.digitaloceanspaces.com/autoupdate/edamla-deyimkartlari/linux64/E-Damla%20Deyim%20Kartlar%C4%B1.AppImage,2026.9.1,E-Damla Deyim Kartları,2026-09-24T14:54:13Z,d407f728e3a5b0552ede30bfeaa640a300f991c6cb7a168daf4f015d88beefe313770365d435f0b4b450975033aa68451842eae946db37fd985f4fa88048f2dc,,,,,spaces,e-damla,ams3
edamla-dikkatzekahafizagelistirme,windows,win64,https://e-damla.ams3.digitaloceanspaces.com/autoupdate/edamla-dikkatzekahafizagelistirme/win64/latest.yml,https://e-damla.ams3.digitaloceanspaces.com/autoupdate/edamla-dikkatzekahafizagelistirme/win64/Dikkat%20Zeka%20ve%20Haf%C4%B1za%20Geli%C5%9Ftirme%20Seti.exe,2026.9.1,Dikkat Zeka ve Hafıza Geliştirme Seti,2026-09-22T13:16:50Z,30d5418c8615f663c6ce37a8537333cc0dc2f32ef20aab31ed9e438ae620e0bed2eb87a0aafe32058e11ff7ea4a7cb1d8f60f9f6084ae2d805447615abe976fa,,,,,spaces,e-damla,ams3
edamla-dikkatzekahafizagelistirme,linux,linux64,https://e-damla.ams3.digitaloceanspaces.com/autoupdate/edamla-dikkatzekahafizagelistirme/linux64/latest.yml,https://e-damla.ams3.digitaloceanspaces.com/autoupdate/edamla-dikkatzekahafizagelistirme/linux64/Dikkat%20Zeka%20ve%20Haf%C4%B1za%20Geli%C5%9Ftirme%20Seti.AppImage,2026.9.1,Dikkat Zeka ve Hafıza Geliştirme Seti,2026-09-24T14:58:45Z,e1c8a8ae8d0c545bd75d710d54b890e765263a5489fb5541805603706332ea216a4d88e11261f10c11146db647e093804d8b687cca92e92ec37b4eb9746ee70b,,,,,spaces,e-damla,ams3
edamla-dilbilgisi2,windows,win64,https://e-damla.ams3.digitaloceanspaces.com/autoupdate/edamla-dilbilgisi2/win64/latest.yml,https://e-damla.ams3.digitaloceanspaces.com/autoupdate/edamla-dilbilgisi2/win64/E-Damla%20Dil%20Bilgisi%202.S%C4%B1n%C4%B1f.exe,2026.9.2,E-Damla Dil Bilgisi 2.Sınıf,2026-09-21T17:18:16Z,27e2a1ad7327cd8677763a460876fb03b6aded92e9b6daaf07cf952c508297147d2fa85c327238dde496f18bf3af6e9e3a5d1dc6c50b861a9a3fdc9c28318beb,,,,,spaces,e-damla,ams3
edamla-dilbilgisi2,linux,linux64,https://e-damla.ams3.digitaloceanspaces.com/autoupdate/edamla-dilbilgisi2/linux64/latest.yml,https://e-damla.ams3.digitaloceanspaces.com/autoupdate/edamla-dilbilgisi2/linux64/E-Damla%20Dil%20Bilgisi%202.S%C4%B1n%C4%B1f.AppImage,2026.9.2,E-Damla Dil Bilgisi 2.Sınıf,2026-09-16T16:39:32Z,1503ea59e7fb24eb6f33c971cc5371a6d4d33093cf290e56ce59c6cf88e88693b8726542432fcf4242f7ebdc833f2c6c7a6a17af0df9fb7500f9a422119125f1,,,,,spaces,e-damla,ams3
edamla-dilbilgisi3,windows,win64,https://e-damla.ams3.digitaloceanspaces.com/autoupdate/edamla-dilbilgisi3/win64/latest.yml,https://e-damla.ams3.digitaloceanspaces.com/autoupdate/edamla-dilbilgisi3/win64/E-Damla%20Dil%20Bilgisi%203.S%C4%B1n%C4%B1f.exe,2026.9.2,E-Damla Dil Bilgisi 3.Sınıf,2026-09-12T07:54:49Z,080ee80776a7aba9642ede21abff1a1666a176b8780a22d0ac036581aedfe41e4ecdd6074ae086fd9aef3644809e4dae81e73ab59cd551d164a9c6adc2df1824,,,,,spaces,e-damla,ams3
edamla-dilbilgisi3,linux,linux64,https://e-damla.ams3.digitaloceanspaces.com/autoupdate/edamla-dilbilgisi3/linux64/latest.yml,https://e-damla.ams3.digitaloceanspaces.com/autoupdate/edamla-dilbilgisi3/linux64/E-Damla%20Dil%20Bilgisi%203.S%C4%B1n%C4%B1f.AppImage,2026.9.2,E-Damla Dil Bilgisi 3.Sınıf,2026-09-16T16:40:48Z,e8f3188a934c3dc0c0959499aa6766e5aec6b3e9607a69f5f67a2addd8fb11e6c22258644eb2bad5502b6272978250221ae897ec9bb39093505032689e331af8,,,,,spaces,e-damla,ams3
edamla-dilbilgisi4,windows,win64,https://e-damla.ams3.digitaloceanspaces.com/autoupdate/edamla-dilbilgisi4/win64/latest.yml,https://e-damla.ams3.digitaloceanspaces.com/autoupdate/edamla-dilbilgisi4/win64/E-Damla%20Dil%20Bilgisi%204.S%C4%B1n%C4%B1f.exe,2026.9.2,E-Damla Dil Bilgisi 4.Sınıf,2026-09-12T08:01:27Z,e92f8ab8cf57bd68bdf298c34cfd9c223b0f608a26427963357ac43e9cbf9f7eed80e9ec4ac5a967b4d98744076ce3f889ee8be87ec0115b9673d22d2734d54d,,,,,spaces,e-damla,ams3
edamla-dilbilgisi4,linux,linux64,https://e-damla.ams3.digitaloceanspaces.com/autoupdate/edamla-dilbilgisi4/linux64/latest.yml,https://e-damla.ams3.digitaloceanspaces.com/autoupdate/edamla-dilbilgisi4/linux64/E-Damla%20Dil%20Bilgisi%204.S%C4%B1n%C4%B1f.AppImage,2026.9.2,E-Damla Dil Bilgisi 4.Sınıf,2026-09-16T16:42:11Z,be2e50df5858a827b33c26c55fb85d7b265f3b61f98312a54aa8ce95e6b5d180e140a00dceff5aa4072e8ae51c5d35917bb1f3579672b91241b6b2c6135e0965,,,,,spaces,e-damla,ams3
edamla-din5sb,windows,win64,https://e-damla.ams3.digitaloceanspaces.com/autoupdate/edamla-din5sb/win64/latest.yml,https://e-damla.ams3.digitaloceanspaces.com/autoupdate/edamla-din5sb/win64/Pisa%20Din%20k%C3%BClt%C3%BCr%C3%BC%20ve%20ahlak%20bilgisi%205.%20s%C4%B1n%C4%B1f%20soru%20bankas%C4%B1.exe,2026.9.1,Pisa Din kültürü ve ahlak bilgisi 5. sınıf soru bankası,2026-09-22T13:36:31Z,db22cfcc59dfbafdd458b0115a5b43d11b6abd6292d6939f997706c2a166e8291c1db4046de609c1aac1a0184583f7c3b4843f92f91d1b06425faadbb33dc8b7,,,,,spaces,e-damla,ams3
edamla-din5sb,linux,linux64,https://e-damla.ams3.digitaloceanspaces.com/autoupdate/edamla-din5sb/linux64/latest.yml,https://e-damla.ams3.digitaloceanspaces.com/autoupdate/edamla-din5sb/linux64/Pisa%20Din%20k%C3%BClt%C3%BCr%C3%BC%20ve%20ahlak%20bilgisi%205.%20s%C4%B1n%C4%B1f%20soru%20bankas%C4%B1.AppImage,2026.9.1,Pisa Din kültürü ve ahlak bilgisi 5. sınıf soru bankası,2026-09-24T15:04:40Z,02ae19b1f3ba0ff82e58876a382dda84455638f0b278ffe8b75125c175696c34fc9ad176a2631f5cfe19520489e5b44ab15bc1d512d0d5e571db4c57c4cbdc4a,,,,,spaces,e-damla,ams3
edamla-din6sb,windows,win64,https://e-damla.ams3.digitaloceanspaces.com/autoupdate/edamla-din6sb/win64/latest.yml,https://e-damla.ams3.digitaloceanspaces.com/autoupdate/edamla-din6sb/win64/Pisa%20Din%20K%C3%BClt%C3%BCr%C3%BC%20ve%20Ahlak%20Bilgisi%206.S%C4%B1n%C4%B1f%20Soru%20Bankas%C4%B1.exe,2026.9.1,Pisa Din Kültürü ve Ahlak Bilgisi 6.Sınıf Soru Bankası,2026-09-22T13:42:57Z,e4f42805320994d8a311011533950f06d8cda6d52f972a903dc8ae74ec3db06749b784cf36127ffca63a9eb2af95312f0f3551d6a8f3c40cab04d3157af1e06c,,,,,spaces,e-damla,ams3
edamla-din6sb,linux,linux64,https://e-damla.ams3.digitaloceanspaces.com/autoupdate/edamla-din6sb/linux64/latest.yml,https://e-damla.ams3.digitaloceanspaces.com/autoupdate/edamla-din6sb/linux64/Pisa%20Din%20K%C3%BClt%C3%BCr%C3%BC%20ve%20Ahlak%20Bilgisi%206.S%C4%B1n%C4%B1f%20Soru%20Bankas%C4%B1.AppImage,2026.9.1,Pisa Din Kültürü ve Ahlak Bilgisi 6.Sınıf Soru Bankası,2026-09-24T15:08:10Z,d28062f5a80513d79ad03b75ec9e3e10fb34f051b7c6d2a04d7bb0bdb2fb1b2638e025a5ffa5b174003cd19754fd886d210f63f3b7726bb43764daa5fd26b2c3,,,,,spaces,e-damla,ams3
edamla-din7sb,windows,win64,https://e-damla.ams3.digitaloceanspaces.com/autoupdate/edamla-din7sb/win64/latest.yml,https://e-damla.ams3.digitaloceanspaces.com/autoupdate/edamla-din7sb/win64/pisa%20din%20k%C3%BClt%C3%BCr%C3%BC%20ve%20ahlak%20bilgisi%207.s%C4%B1n%C4%B1f%20soru%20bankas%C4%B1.exe,2026.9.1,pisa din kültürü ve ahlak bilgisi 7.sınıf soru bankası,2026-09-22T13:59:14Z,db24c0b9035aaf98de8c0b554289642135ae33664c1874ab1395852fb6bba3c999fc64d021eb4dab8413f1dba405aea07830b2537d6c9bb766aa5c730b77e7d8,,,,,spaces,e-damla,ams3
edamla-din7sb,linux,linux64,https://e-damla.ams3.digitaloceanspaces.com/autoupdate/edamla-din7sb/linux64/latest.yml,https://e-damla.ams3.digitaloceanspaces.com/autoupdate/edamla-din7sb/linux64/pisa%20din%20k%C3%BClt%C3%BCr%C3%BC%20ve%20ahlak%20bilgisi%207.s%C4%B1n%C4%B1f%20soru%20bankas%C4%B1.AppImage,2026.9.1,pisa din kültürü ve ahlak bilgisi 7.sınıf soru bankası,2026-09-24T15:14:08Z,e0768bf48a086d49c340a06a76e80313e1a6b2f1ca529ddc2b98d608275b77c74bda12e5d33ee77f9fdf8dfc2eff6b61d60ba081cab8862f60f346759a83078d,,,,,spaces,e-damla,ams3
edamla-din8ytest,windows,win64,https://e-damla.ams3.digitaloceanspaces.com/autoupdate/edamla-din8ytest/win64/latest.yml,https://e-damla.ams3.digitaloceanspaces.com/autoupdate/edamla-din8ytest/win64/yeni%20nesil%20din%20k%C3%BClt%C3%BCr%C3%BC%20ve%20ahlak%20bilgisi%20test%208.s%C4%B1n%C4%B1f.exe,2026.9.1,yeni nesil din kültürü ve ahlak bilgisi test 8.sınıf,2026-09-22T14:09:57Z,18a28b7dbd2ae2a0e463086c081ea289ac974c40265f366c086200c33cf1222d29d6cf637539ee66bff3259dd8ea547b6b734bd50fa5b5bf9eb77395dec7f564,,,,,spaces,e-damla,ams3
edamla-din8ytest,linux,linux64,https://e-damla.ams3.digitaloceanspaces.com/autoupdate/edamla-din8ytest/linux64/latest.yml,https://e-damla.ams3.digitaloceanspaces.com/autoupdate/edamla-din8ytest/linux64/yeni%20nesil%20din%20k%C3%BClt%C3%BCr%C3%BC%20ve%20ahlak%20bilgisi%20test%208.s%C4%B1n%C4%B1f.AppImage,2026.9.1,yeni nesil din kültürü ve ahlak bilgisi test 8.sınıf,2026-09-24T15:19:24Z,c5f54f5dd35d6e1ba76dea88d741e3832ebdd620bb3d25fbea679374ea32d867eb7712a825b82b399c9384544fe62575741d2f94028157f9232f919e107e57de,,,,,spaces,e-damla,ams3
edamla-din8ytest-e,windows,win64,https://e-damla.ams3.digitaloceanspaces.com/autoupdate/edamla-din8ytest-e/win64/latest.yml,https://e-damla.ams3.digitaloceanspaces.com/autoupdate/edamla-din8ytest-e/win64/E-Damla%20Dijital%20Kitap%20Pencere%20ve%20Temp%20klas%C3%B6r%C3%BC%20ad%C4%B1.exe,2026.9.1,E-Damla Dijital Kitap Pencere ve Temp klasörü adı,2026-09-22T14:07:45Z,83c6bef20cba9cebd1441e70ac217951f9b9c76f5a3b08cb39926355a5ccec87f1391b95c91ca8cd758e2936d5bc8004158353abddbcff505dffbdbbbd67425f,,,,,spaces,e-damla,ams3
edamla-din8ytest-e,linux,linux64,https://e-damla.ams3.digitaloceanspaces.com/autoupdate/edamla-din8ytest-e/linux64/latest.yml,https://e-damla.ams3.digitaloceanspaces.com/autoupdate/edamla-din8ytest-e/linux64/E-Damla%20Dijital%20Kitap%20Pencere%20ve%20Temp%20klas%C3%B6r%C3%BC%20ad%C4%B1.AppImage,2026.9.1,E-Damla Dijital Kitap Pencere ve Temp klasörü adı,2026-09-24T15:17:41Z,298dc01e2edba0e41063cd82ffc955d50b47eeac1396e486e26d537333ca92c5c70d4902053c2d29f3aac7c557b70ba5162032da4b45413fce8f3dc622bf7d18,,,,,spaces,e-damla,ams3
edamla-dindef4,windows,win64,https://e-damla.ams3.digitaloceanspaces.com/autoupdate/edamla-dindef4/win64/latest.yml,https://e-damla.ams3.digitaloceanspaces.com/autoupdate/edamla-dindef4/win64/E-Damla%20Din%20k%C3%BClt%C3%BCr%C3%BC%20ve%20Ahlak%20Bilgisi%204.S%C4%B1n%C4%B1f.exe,2026.9.2,E-Damla Din kültürü ve Ahlak Bilgisi 4.Sınıf,2026-09-16T14:48:35Z,3cd8e0d6da453e71d87d8b085d04aef35ab08feb2df386387ccdff77ee767000ef8322d2e4471d3d37429e5ce0ce9aca574330291c33a4693f105e4afdc6cbdc,,,,,spaces,e-damla,ams3
edamla-dindef4,linux,linux64,https://e-damla.ams3.digitaloceanspaces.com/autoupdate/edamla-dindef4/linux64/latest.yml,https://e-damla.ams3.digitaloceanspaces.com/autoupdate/edamla-dindef4/linux64/E-Damla%20Din%20k%C3%BClt%C3%BCr%C3%BC%20ve%20Ahlak%20Bilgisi%204.S%C4%B1n%C4%B1f.AppImage,2026.9.2,E-Damla Din kültürü ve Ahlak Bilgisi 4.Sınıf,2026-09-16T16:44:17Z,a5dd265e051efcb3ff7f5262bd4c55bb9a318648598cccfd5d24c2c41e6db92633e9e902298bc0a057b49b3ac6dab6f0b54e87e2603bf13b2dfced68f0925f84,,,,,spaces,e-damla,ams3
edamla-dindef5,windows,win64,https://e-damla.ams3.digitaloceanspaces.com/autoupdate/edamla-dindef5/win64/latest.yml,https://e-damla.ams3.digitaloceanspaces.com/autoupdate/edamla-dindef5/win64/din%20k%C3%BClt%C3%BCr%C3%BC%20ve%20ahlak%20bilgisi%20defterim%205.s%C4%B1n%C4%B1f.exe,2026.9.1,din kültürü ve ahlak bilgisi defterim 5.sınıf,2026-09-22T14:14:37Z,99addf546efdf3ca411a5a1f1ea4edee4fb675cd7de04be3a0f89a483c7727a51dfa23ba138e3a419906406c5fae7e3312fd479fd8d031eacc617abab59d95eb,,,,,spaces,e-damla,ams3
edamla-dindef5,linux,linux64,https://e-damla.ams3.digitaloceanspaces.com/autoupdate/edamla-dindef5/linux64/latest.yml,https://e-damla.ams3.digitaloceanspaces.com/autoupdate/edamla-dindef5/linux64/din%20k%C3%BClt%C3%BCr%C3%BC%20ve%20ahlak%20bilgisi%20defterim%205.s%C4%B1n%C4%B1f.AppImage,2026.9.1,din kültürü ve ahlak bilgisi defterim 5.sınıf,2026-09-24T15:22:19Z,d9100e2d8838b3316d6e11d2943586eefa171533fb1ae438ee31ae510fea23b6cc156fff9aa2aec0b4b9c1c0cd0f853514318e885d2fa7a3496dbe6b8ec2df35,,,,,spaces,e-damla,ams3
edamla-dindef6,windows,win64,https://e-damla.ams3.digitaloceanspaces.com/autoupdate/edamla-dindef6/win64/latest.yml,https://e-damla.ams3.digitaloceanspaces.com/autoupdate/edamla-dindef6/win64/din%20k%C3%BClt%C3%BCr%C3%BC%20ve%20ahlak%20bilgisi%20defterim%206.s%C4%B1n%C4%B1f.exe,2026.9.1,din kültürü ve ahlak bilgisi defterim 6.sınıf,2026-09-22T14:21:46Z,e55c3ca63a28f7fcfca424e56c60cebef8a6bf4bd629589718be7fad0201c650f32f48704e1b5c52d077f58f8e8d8fe592b90def0be7b5a98365f1e99752a2c1,,,,,spaces,e-damla,ams3
edamla-dindef6,linux,linux64,https://e-damla.ams3.digitaloceanspaces.com/autoupdate/edamla-dindef6/linux64/latest.yml,https://e-damla.ams3.digitaloceanspaces.com/autoupdate/edamla-dindef6/linux64/din%20k%C3%BClt%C3%BCr%C3%BC%20ve%20ahlak%20bilgisi%20defterim%206.s%C4%B1n%C4%B1f.AppImage,2026.9.1,din kültürü ve ahlak bilgisi defterim 6.sınıf,2026-09-24T15:26:21Z,f3d422d6e3289c7f596b96bc2f4034fd1179384fc6a35ec4883feefc6d163592550229079bb242083e12a436b8e19cfbdbb6827ae1dbfcbdd660b8e04c01b5ac,,,,,spaces,e-damla,ams3
edamla-dindef7,windows,win64,https://e-damla.ams3.digitaloceanspaces.com/autoupdate/edamla-dindef7/win64/latest.yml,https://e-damla.ams3.digitaloceanspaces.com/autoupdate/edamla-dindef7/win64/din%20k%C3%BClt%C3%BCr%C3%BC%20ve%20ahlak%20bilgisi%20defterim%207.s%C4%B1n%C4%B1f.exe,2026.9.1,din kültürü ve ahlak bilgisi defterim 7.sınıf,2026-09-22T14:30:07Z,0403318980ef6fac117c8a2b4b6fd0acc45e2336a35584a1200758aa1104c0e928c48bdf29d2730dfe5fa3f415188938c21abbef06b3cf1dde8c29f47259f102,,,,,spaces,e-damla,ams3
edamla-dindef7,linux,linux64,https://e-damla.ams3.digitaloceanspaces.com/autoupdate/edamla-dindef7/linux64/latest.yml,https://e-damla.ams3.digitaloceanspaces.com/autoupdate/edamla-dindef7/linux64/din%20k%C3%BClt%C3%BCr%C3%BC%20ve%20ahlak%20bilgisi%20defterim%207.s%C4%B1n%C4%B1f.AppImage,2026.9.1,din kültürü ve ahlak bilgisi defterim 7.sınıf,2026-09-24T15:30:31Z,027f684c7e2fdde7cff485b360e7504a92b5c117292a321824f80d1027e9057d85d98c3497ca68e4e5ab4d7af4fc3cae231640e17eaf3c8b23e4d01dee44a5c2,,,,,spaces,e-damla,ams3
edamla-ejderino,windows,win64,https://e-damla.ams3.digitaloceanspaces.com/autoupdate/edamla-ejderino/win64/latest.yml,https://e-damla.ams3.digitaloceanspaces.com/autoupdate/edamla-ejderino/win64/ejderino%20e%C4%9Fitim%20seti.exe,2026.9.1,ejderino eğitim seti,2026-09-22T14:48:43Z,e44ee63344e1a6fbec37564f4763324fd94a3010202894aecac4d93b448ab01cec35528b88c13425fb0f69f61ad148e220d50cbc57df8c595e2bb6c27507bc4f,,,,,spaces,e-damla,ams3
edamla-ejderino,linux,linux64,https://e-damla.ams3.digitaloceanspaces.com/autoupdate/edamla-ejderino/linux64/latest.yml,https://e-damla.ams3.digitaloceanspaces.com/autoupdate/edamla-ejderino/linux64/ejderino%20e%C4%9Fitim%20seti.AppImage,2026.9.1,ejderino eğitim seti,2026-09-24T15:38:06Z,430d67ac114be5942a11ac5b5c7fcca7908835a96afc24a8b2fa35abbb6e77ffe468f2b04a5a2717ba9b7a9c360e861e8c3c6ad64bca5ed3cc8603fb595b909d,,,,,spaces,e-damla,ams3
edamla-evodevleri1,windows,win64,https://e-damla.ams3.digitaloceanspaces.com/autoupdate/edamla-evodevleri1/win64/latest.yml,https://e-damla.ams3.digitaloceanspaces.com/autoupdate/edamla-evodevleri1/win64/ak%C4%B1ll%C4%B1%20damla%20ev%20%C3%B6devleri%201.s%C4%B1n%C4%B1f.exe,2026.9.1,akıllı damla ev ödevleri 1.sınıf,2026-09-22T14:56:21Z,82cc0b58fc1a8872336692eef3ae3852b5f82651006a4e5f94afb7ef85417e099c4ebeb05315e2d03dbfd4a444f9f7cc1628e3ebbe0bffd8eb44fa3b07794267,,,,,spaces,e-damla,ams3
edamla-evodevleri1,linux,linux64,https://e-damla.ams3.digitaloceanspaces.com/autoupdate/edamla-evodevleri1/linux64/latest.yml,https://e-damla.ams3.digitaloceanspaces.com/autoupdate/edamla-evodevleri1/linux64/ak%C4%B1ll%C4%B1%20damla%20ev%20%C3%B6devleri%201.s%C4%B1n%C4%B1f.AppImage,2026.9.1,akıllı damla ev ödevleri 1.sınıf,2026-09-24T15:42:58Z,1130555fc34320f2ae5bf6e9aefdd5c4d73eeb13d5a394307b541a6697a1bd6c8d094a70b1e5ad4507af4bec835845d86b65a16ce0af955da6561f82477f2339,,,,,spaces,e-damla,ams3
edamla-fen5sb,windows,win64,https://e-damla.ams3.digitaloceanspaces.com/autoupdate/edamla-fen5sb/win64/latest.yml,https://e-damla.ams3.digitaloceanspaces.com/autoupdate/edamla-fen5sb/win64/pisa%20fen%20bilimleri%20soru%20bankas%C4%B1%205.s%C4%B1n%C4%B1f.exe,2026.9.1,pisa fen bilimleri soru bankası 5.sınıf,2026-09-22T15:04:33Z,c20a615176a4693b5a3498f23297dd55c1e1389c76dace4a940c4831fdff265ffd9d49677206978f8272cbf842d0f5851d4b75e1297093a634a3bd9dd3003ae6,,,,,spaces,e-damla,ams3
edamla-fen5sb,linux,linux64,https://e-damla.ams3.digitaloceanspaces.com/autoupdate/edamla-fen5sb/linux64/latest.yml,https://e-damla.ams3.digitaloceanspaces.com/autoupdate/edamla-fen5sb/linux64/pisa%20fen%20bilimleri%20soru%20bankas%C4%B1%205.s%C4%B1n%C4%B1f.AppImage,2026.9.1,pisa fen bilimleri soru bankası 5.sınıf,2026-09-24T15:47:22Z,9a3d41ae3972b3ba3f346689529326e461585ebb131e340a7979dbc1461b2fafbcd74a97dc6bae5922d91d15c3284d7a348a9fe362a44a45514cac9de865d4a7,,,,,spaces,e-damla,ams3
edamla-fen6sb,windows,win64,https://e-damla.ams3.digitaloceanspaces.com/autoupdate/edamla-fen6sb/win64/latest.yml,https://e-damla.ams3.digitaloceanspaces.com/autoupdate/edamla-fen6sb/win64/pisa%20fen%20bilimleri%20soru%20bankas%C4%B1%206.s%C4%B1n%C4%B1f.exe,2026.9.1,pisa fen bilimleri soru bankası 6.sınıf,2026-09-22T15:12:53Z,f7b6a218812983f15338b8190420dd34497dbd88638a39f6b2272fbc94f5b181ead3b7a73978e42368b3fcbc3aa5db902052e85f3434a802f5de13d9a03316e1,,,,,spaces,e-damla,ams3
edamla-fen6sb,linux,linux64,https://e-damla.ams3.digitaloceanspaces.com/autoupdate/edamla-fen6sb/linux64/latest.yml,https://e-damla.ams3.digitaloceanspaces.com/autoupdate/edamla-fen6sb/linux64/pisa%20fen%20bilimleri%20soru%20bankas%C4%B1%206.s%C4%B1n%C4%B1f.AppImage,2026.9.1,pisa fen bilimleri soru bankası 6.sınıf,2026-09-24T15:52:04Z,08413aae4dd09228c830ca35d2470b63bb97de7ee27d8000968b6914045fd41f0e173b625793a866e62df01a396c29810707a52fc01bc7adde48187e41cc6bf7,,,,,spaces,e-damla,ams3
edamla-fen7sb,windows,win64,https://e-damla.ams3.digitaloceanspaces.com/autoupdate/edamla-fen7sb/win64/latest.yml,https://e-damla.ams3.digitaloceanspaces.com/autoupdate/edamla-fen7sb/win64/pisa%20fen%20bilimleri%20soru%20bankas%C4%B1%207.s%C4%B1n%C4%B1f.exe,2026.9.1,pisa fen bilimleri soru bankası 7.sınıf,2026-09-22T15:21:16Z,1718303a0780a61166005ce8135aca5038b9b4fb2c923ae6800416e18dcd5a49eb499107ad95e2a6281af303d84f106ee599b844ac1b893569b807c8d723e098,,,,,spaces,e-damla,ams3
edamla-fen7sb,linux,linux64,https://e-damla.ams3.digitaloceanspaces.com/autoupdate/edamla-fen7sb/linux64/latest.yml,https://e-damla.ams3.digitaloceanspaces.com/autoupdate/edamla-fen7sb/linux64/pisa%20fen%20bilimleri%20soru%20bankas%C4%B1%207.s%C4%B1n%C4%B1f.AppImage,2026.9.1,pisa fen bilimleri soru bankası 7.sınıf,2026-09-24T15:56:29Z,bb62ddb8a4f79d613965fecc914f0fd8ead6d5cb22668c75f15ec1063962d6f3538832be0284b4115a994bbcbd9b95b41ac18248028b63ee0bdeeb42dc7857b3,,,,,spaces,e-damla,ams3
edamla-fen8ytest,windows,win64,https://e-damla.ams3.digitaloceanspaces.com/autoupdate/edamla-fen8ytest/win64/latest.yml,https://e-damla.ams3.digitaloceanspaces.com/autoupdate/edamla-fen8ytest/win64/yeni%20nesil%20fen%20bilimleri%20test%208.s%C4%B1n%C4%B1f.exe,2026.9.1,yeni nesil fen bilimleri test 8.sınıf,2026-09-22T15:24:33Z,5c526281a4c9205aa694d28a2ebcacbf2489f5e3cad6f7e0c677d7154b82be7c8bd93e3fb954b46aea6104b3d43a82da560bb3e29c7fe05de6b060a8dae8a1e2,,,,,spaces,e-damla,ams3
edamla-fen8ytest,linux,linux64,https://e-damla.ams3.digitaloceanspaces.com/autoupdate/edamla-fen8ytest/linux64/latest.yml,https://e-damla.ams3.digitaloceanspaces.com/autoupdate/edamla-fen8ytest/linux64/yeni%20nesil%20fen%20bilimleri%20test%208.s%C4%B1n%C4%B1f.AppImage,2026.9.1,yeni nesil fen bilimleri test 8.sınıf,2026-09-24T15:58:34Z,86b24efbc96d02df5b538f47c93cd694d1684811a9755981532849cfe189d55af205409a832fcaa91ba372b6549c748c3dce2c50faac84a9a1e80ed2940f801e,,,,,spaces,e-damla,ams3
edamla-fenfoy8,windows,win64,https://e-damla.ams3.digitaloceanspaces.com/autoupdate/edamla-fenfoy8/win64/latest.yml,https://e-damla.ams3.digitaloceanspaces.com/autoupdate/edamla-fenfoy8/win64/%C5%9Eef%20yeni%20nesil%20fen%20bilimleri%208.s%C4%B1n%C4%B1f.exe,2026.9.1,Şef yeni nesil fen bilimleri 8.sınıf,2026-09-22T16:03:21Z,08063d0c155c298c1acefcae616535d9b0d016362dccd7af2423c902afa13dea2bfea9c960e16cf7563bab906b3dcdf032b1b075428bcc5230472a079804ff73,,,,,spaces,e-damla,ams3
edamla-fenfoy8,linux,linux64,https://e-damla.ams3.digitaloceanspaces.com/autoupdate/edamla-fenfoy8/linux64/latest.yml,https://e-damla.ams3.digitaloceanspaces.com/autoupdate/edamla-fenfoy8/linux64/%C5%9Eef%20yeni%20nesil%20fen%20bilimleri%208.s%C4%B1n%C4%B1f.AppImage,2026.9.1,Şef yeni nesil fen bilimleri 8.sınıf,2026-09-24T16:06:09Z,1e386eee01fc2046157cefbdccf1c7711f488677682d57f5ca862bb2d64608b2d53abf8177f58cf97a1e4e29da8f78631c0dbd00753dbe4fac65f9caab252674,,,,,spaces,e-damla,ams3
edamla-haftalikevodevleri2,windows,win64,https://e-damla.ams3.digitaloceanspaces.com/autoupdate/edamla-haftalikevodevleri2/win64/latest.yml,https://e-damla.ams3.digitaloceanspaces.com/autoupdate/edamla-haftalikevodevleri2/win64/haftal%C4%B1k%20ev%20%C3%B6devleri%202.s%C4%B1n%C4%B1f.exe,2026.9.1,haftalık ev ödevleri 2.sınıf,2026-09-22T16:11:51Z,22eb2d37c98f3687651516e258252d4ebafd7eb97004f3df24a54329a4a0ec12df2b175a14fb3bb1f685c4691fe70b27b49e7744106a227655b14cf8f304a18d,,,,,spaces,e-damla,ams3
edamla-haftalikevodevleri2,linux,linux64,https://e-damla.ams3.digitaloceanspaces.com/autoupdate/edamla-haftalikevodevleri2/linux64/latest.yml,https://e-damla.ams3.digitaloceanspaces.com/autoupdate/edamla-haftalikevodevleri2/linux64/haftal%C4%B1k%20ev%20%C3%B6devleri%202.s%C4%B1n%C4%B1f.AppImage,2026.9.1,haftalık ev ödevleri 2.sınıf,2026-09-24T16:11:43Z,a401e05aec86fb28ce744c12acd0056782df33433dacc0328bc65e5839d6520f365525aedc19c89325ed1a9ed0e51ea61cb087fbb47df48b97760ad069749981,,,,,spaces,e-damla,ams3
edamla-haftalikevodevleri3,windows,win64,https://e-damla.ams3.digitaloceanspaces.com/autoupdate/edamla-haftalikevodevleri3/win64/latest.yml,https://e-damla.ams3.digitaloceanspaces.com/autoupdate/edamla-haftalikevodevleri3/win64/haftal%C4%B1k%20ev%20%C3%B6devleri%203.s%C4%B1n%C4%B1f.exe,2026.9.1,haftalık ev ödevleri 3.sınıf,2026-09-22T16:15:39Z,6716ddab3dd7183d2a5a07963e023439a0748e7f6de70a208d936f90c461f90ed6ab147986f1dff302e12a72686108b4c391c493ba9581fed3321b5ca7a62d60,,,,,spaces,e-damla,ams3
edamla-haftalikevodevleri3,linux,linux64,https://e-damla.ams3.digitaloceanspaces.com/autoupdate/edamla-haftalikevodevleri3/linux64/latest.yml,https://e-damla.ams3.digitaloceanspaces.com/autoupdate/edamla-haftalikevodevleri3/linux64/haftal%C4%B1k%20ev%20%C3%B6devleri%203.s%C4%B1n%C4%B1f.AppImage,2026.9.1,haftalık ev ödevleri 3.sınıf,2026-09-24T16:15:23Z,8c746f12b1e71a4becc85563a7cd30711c6fd332bf7b7e5f9299fa2dc104495f64971e93f28481c8b05765d70715a7edb00a6ccd28caccdeeff6e050c9ef945a,,,,,spaces,e-damla,ams3
edamla-haftalikevodevleri4,windows,win64,https://e-damla.ams3.digitaloceanspaces.com/autoupdate/edamla-haftalikevodevleri4/win64/latest.yml,https://e-damla.ams3.digitaloceanspaces.com/autoupdate/edamla-haftalikevodevleri4/win64/haftal%C4%B1k%20ev%20%C3%B6devleri%204.s%C4%B1n%C4%B1f.exe,2026.9.1,haftalık ev ödevleri 4.sınıf,2026-09-22T16:19:24Z,d4f6719918b785bc9c615f9a9abf8e2989007e3ccdfe251592fd55fe20a57c636bb523b803710519f74c608dbaf97ffff94dae456b2104b927949dd675ea0abd,,,,,spaces,e-damla,ams3
edamla-haftalikevodevleri4,linux,linux64,https://e-damla.ams3.digitaloceanspaces.com/autoupdate/edamla-haftalikevodevleri4/linux64/latest.yml,https://e-damla.ams3.digitaloceanspaces.com/autoupdate/edamla-haftalikevodevleri4/linux64/haftal%C4%B1k%20ev%20%C3%B6devleri%204.s%C4%B1n%C4%B1f.AppImage,2026.9.1,haftalık ev ödevleri 4.sınıf,2026-09-24T16:18:17Z,66cf63c29d6132d3f6f9529c74422e303fecc4dfd91f6968ae527c5932786c19cfd0f4bb781ce382e330256ebfcca96dce97ae986f6dea04f9f7c9127eab9ed4,,,,,spaces,e-damla,ams3
edamla-ink8ytest,windows,win64,https://e-damla.ams3.digitaloceanspaces.com/autoupdate/edamla-ink8ytest/win64/latest.yml,https://e-damla.ams3.digitaloceanspaces.com/autoupdate/edamla-ink8ytest/win64/yeni%20nesil%20ink%C4%B1lap%20test%208.s%C4%B1n%C4%B1f.exe,2026.9.1,yeni nesil inkılap test 8.sınıf,2026-09-22T16:21:44Z,66d11c04f85abd6f17b503a350a6452ab014ae54be0eeafc9390421305f3fa87273812f0a315bc7139bff851fde2d4297b9243f6f19c993eeb5273443efa59e4,,,,,spaces,e-damla,ams3
edamla-ink8ytest,linux,linux64,https://e-damla.ams3.digitaloceanspaces.com/autoupdate/edamla-ink8ytest/linux64/latest.yml,https://e-damla.ams3.digitaloceanspaces.com/autoupdate/edamla-ink8ytest/linux64/yeni%20nesil%20ink%C4%B1lap%20test%208.s%C4%B1n%C4%B1f.AppImage,2026.9.1,yeni nesil inkılap test 8.sınıf,2026-09-24T16:20:24Z,8e4c43c204e2b920f2c93ea1d41d10f3573ea834a5e36b504f231d988234d8500a66263448f389c3a7daea2a9baf8f9d4a9e3d7bd667a292456cec8f4c8323f4,,,,,spaces,e-damla,ams3
edamla-kavramlarseti,windows,win64,https://e-damla.ams3.digitaloceanspaces.com/autoupdate/edamla-kavramlarseti/win64/latest.yml,https://e-damla.ams3.digitaloceanspaces.com/autoupdate/edamla-kavramlarseti/win64/Ak%C4%B1ll%C4%B1%20Damla%20kavramlar%20seti.exe,2026.9.1,Akıllı Damla kavramlar seti,2026-09-22T16:32:18Z,8ee626f0fa5a81fa4c07bf95859553860c9584f49474c33b9036209c52dd2e66afff87b2e66a459502e5d81dee341255ff6911031115f1e8792d113de6f6b2da,,,,,spaces,e-damla,ams3
edamla-kavramlarseti,linux,linux64,https://e-damla.ams3.digitaloceanspaces.com/autoupdate/edamla-kavramlarseti/linux64/latest.yml,https://e-damla.ams3.digitaloceanspaces.com/autoupdate/edamla-kavramlarseti/linux64/Ak%C4%B1ll%C4%B1%20Damla%20kavramlar%20seti.AppImage,2026.9.1,Akıllı Damla kavramlar seti,2026-09-24T16:23:04Z,cd13f3d896f2f6125ecd7a74b0d388d31b7d26ecc9af327e65847e0f7312eeddb636748bec140183c3a7b6a67ac25d16c5f8375097282fa1baef2a82ca94713a,,,,,spaces,e-damla,ams3
edamla-kodlama1,windows,win64,https://e-damla.ams3.digitaloceanspaces.com/autoupdate/edamla-kodlama1/win64/latest.yml,https://e-damla.ams3.digitaloceanspaces.com/autoupdate/edamla-kodlama1/win64/E-Damla%20Dijital%20Kitap%20Pencere%20ve%20Temp%20klas%C3%B6r%C3%BC%20ad%C4%B1.exe,2027.9.2,E-Damla Dijital Kitap Pencere ve Temp klasörü adı,2026-09-22T16:33:27Z,358c8a56e78b0a1cb20169fd55e7d0ffb11469e451c3fbaac1cb6195d6ade23d9deaa9a840ddbea8bf9a752ebaa14151678613dec151800edd75e40802b761bb,,,,,spaces,e-damla,ams3
edamla-kodlama1,linux,linux64,https://e-damla.ams3.digitaloceanspaces.com/autoupdate/edamla-kodlama1/linux64/latest.yml,https://e-damla.ams3.digitaloceanspaces.com/autoupdate/edamla-kodlama1/linux64/E-Damla%20Dijital%20Kitap%20Pencere%20ve%20Temp%20klas%C3%B6r%C3%BC%20ad%C4%B1.AppImage,2027.9.2,E-Damla Dijital Kitap Pencere ve Temp klasörü adı,2026-09-24T16:24:46Z,1c9e81889ee3ab65959a0469f2b9c847aed7fe476aa9ad26b261bfdf3b7a885908d276af5fcf486feb1471068a93e0246fda32cb3887df58babf924ae8a0fdf4,,,,,spaces,e-damla,ams3
edamla-kralegitimseti3,windows,win64,https://e-damla.ams3.digitaloceanspaces.com/autoupdate/edamla-kralegitimseti3/win64/latest.yml,https://e-damla.ams3.digitaloceanspaces.com/autoupdate/edamla-kralegitimseti3/win64/E-Damla%20Kral%20Egitim%20Seti%203.exe,2026.9.1,E-Damla Kral Egitim Seti 3,2026-09-16T14:26:39Z,ce1d7a0dcf2d9c4d4737541b9c6b762ece153156b87005fae5b1b8851ebb8255e40913b9d3f73591369335c0a4b7974d51362fff1a424d4b3cd8864eed99e00e,,,,,spaces,e-damla,ams3
edamla-kralegitimseti3,linux,linux64,https://e-damla.ams3.digitaloceanspaces.com/autoupdate/edamla-kralegitimseti3/linux64/latest.yml,https://e-damla.ams3.digitaloceanspaces.com/autoupdate/edamla-kralegitimseti3/linux64/E-Damla%20Kral%20Egitim%20Seti%203.AppImage,2026.9.1,E-Damla Kral Egitim Seti 3,2026-09-17T07:55:46Z,107bbce9452d07e14708bfa00e0167a27fd97d5515527156bed6b8af1c6b728a061e12f01e35f41a6a5268d95ee0ea2643d4c056f6059db97531f9385ecee069,,,,,spaces,e-damla,ams3
edamla-kralegitimseti4,windows,win64,https://e-damla.ams3.digitaloceanspaces.com/autoupdate/edamla-kralegitimseti4/win64/latest.yml,https://e-damla.ams3.digitaloceanspaces.com/autoupdate/edamla-kralegitimseti4/win64/E-Damla%20Kral%20Egitim%20Seti%204.exe,2026.9.2,E-Damla Kral Egitim Seti 4,2026-09-15T08:47:56Z,9e73435cfb80f90032acdfa9548690ba7c476de4c72bf7b7471b04a46b3b0405e2042b902ef0d4acfce63d5f4c33d30f59bd6b3744c833172016863c63479d68,,,,,spaces,e-damla,ams3
edamla-kralegitimseti4,linux,linux64,https://e-damla.ams3.digitaloceanspaces.com/autoupdate/edamla-kralegitimseti4/linux64/latest.yml,https://e-damla.ams3.digitaloceanspaces.com/autoupdate/edamla-kralegitimseti4/linux64/E-Damla%20Kral%20Egitim%20Seti%204.AppImage,2026.9.2,E-Damla Kral Egitim Seti 4,2026-09-17T08:03:01Z,56a9fd82f96256676daf46cd304b070df67714384f3e54df02793b240e48fe5004f881e99c930cbd3becceb3d9d99b2a1999ad8a24ca57195489c5e3bda24848,,,,,spaces,e-damla,ams3
edamla-mat5sb,windows,win64,https://e-damla.ams3.digitaloceanspaces.com/autoupdate/edamla-mat5sb/win64/latest.yml,https://e-damla.ams3.digitaloceanspaces.com/autoupdate/edamla-mat5sb/win64/pisa%20matematik%205.s%C4%B1n%C4%B1f%20soru%20bankas%C4%B1.exe,2026.9.1,pisa matematik 5.sınıf soru bankası,2026-09-22T16:40:13Z,e123bd1e955f413048525f8e371f4e5e38761bf2ca62bee12c63459479ff75f7da60e52a9b72fd4027a6a58b4e0ed18a07d65941473ad04eb43c46c968c5501d,,,,,spaces,e-damla,ams3
edamla-mat5sb,linux,linux64,https://e-damla.ams3.digitaloceanspaces.com/autoupdate/edamla-mat5sb/linux64/latest.yml,https://e-damla.ams3.digitaloceanspaces.com/autoupdate/edamla-mat5sb/linux64/pisa%20matematik%205.s%C4%B1n%C4%B1f%20soru%20bankas%C4%B1.AppImage,2026.9.1,pisa matematik 5.sınıf soru bankası,2026-09-24T16:28:18Z,0a46b78b4eb7d3b78965cf078a084d784f08ef5c6f608e930403cfcc515d09968227eab4ae1256d87004553407edb9a5ecee29829f35367fdd9966025a298318,,,,,spaces,e-damla,ams3
edamla-mat6sb,windows,win64,https://e-damla.ams3.digitaloceanspaces.com/autoupdate/edamla-mat6sb/win64/latest.yml,https://e-damla.ams3.digitaloceanspaces.com/autoupdate/edamla-mat6sb/win64/pisa%20matematik%206.s%C4%B1n%C4%B1f%20soru%20bankas%C4%B1.exe,2026.9.1,pisa matematik 6.sınıf soru bankası,2026-09-22T16:52:26Z,787a35c0db0dafd1afa5bfe9aefee638b55b822d074538e3a79d3745490452b5e472a45c80c62de8cc49f53c2fb705b93579a82f95fdf0abc7a348d108803d9f,,,,,spaces,e-damla,ams3
edamla-mat6sb,linux,linux64,https://e-damla.ams3.digitaloceanspaces.com/autoupdate/edamla-mat6sb/linux64/latest.yml,https://e-damla.ams3.digitaloceanspaces.com/autoupdate/edamla-mat6sb/linux64/pisa%20matematik%206.s%C4%B1n%C4%B1f%20soru%20bankas%C4%B1.AppImage,2026.9.1,pisa matematik 6.sınıf soru bankası,2026-09-24T16:33:31Z,28b6c2a1e3e767e7d3ab9895f8d158f99149b483c667e50742295334823f6d15297306f8af968ba9d4e304750135dc20198126af748d4ac336d9b2f37416019e,,,,,spaces,e-damla,ams3
edamla-mat7sb,windows,win64,https://e-damla.ams3.digitaloceanspaces.com/autoupdate/edamla-mat7sb/win64/latest.yml,https://e-damla.ams3.digitaloceanspaces.com/autoupdate/edamla-mat7sb/win64/pisa%20matematik%207.s%C4%B1n%C4%B1f%20soru%20bankas%C4%B1.exe,2026.9.1,pisa matematik 7.sınıf soru bankası,2026-09-22T16:59:53Z,0547779d9aa7c9dcef8abbd658d20ec5b40f46d3cd24883a9d6726c669052d6fe8220713c1482a5e78208da5c2987b5495c714903230e7178c90f1d17e0e1d83,,,,,spaces,e-damla,ams3
edamla-mat7sb,linux,linux64,https://e-damla.ams3.digitaloceanspaces.com/autoupdate/edamla-mat7sb/linux64/latest.yml,https://e-damla.ams3.digitaloceanspaces.com/autoupdate/edamla-mat7sb/linux64/pisa%20matematik%207.s%C4%B1n%C4%B1f%20soru%20bankas%C4%B1.AppImage,2026.9.1,pisa matematik 7.sınıf soru bankası,2026-09-24T16:38:22Z,26e588cf3200a653596756833e0545be91601524dab8ca4209a59f23e1cfc88bdf1a973a90ed4e1fbce6c80d746b3ae3135a4034f9b9119ea3f4ab37e078f6bc,,,,,spaces,e-damla,ams3
edamla-matdef6,windows,win64,https://e-damla.ams3.digitaloceanspaces.com/autoupdate/edamla-matdef6/win64/latest.yml,https://e-damla.ams3.digitaloceanspaces.com/autoupdate/edamla-matdef6/win64/ak%C4%B1ll%C4%B1%20damla%20matematik%20defterim%206.s%C4%B1n%C4%B1f.exe,2026.9.1,akıllı damla matematik defterim 6.sınıf,2026-09-22T17:09:07Z,de32d71d48977d996ce4a7b8e5f4c8af78822589c502ae41ec699ea8a0a9e9aefbb2b26b430410887b5cfd5647b715049b7ffe633f5f7d1f131fcc11f9eb3aea,,,,,spaces,e-damla,ams3
edamla-matdef6,linux,linux64,https://e-damla.ams3.digitaloceanspaces.com/autoupdate/edamla-matdef6/linux64/latest.yml,https://e-damla.ams3.digitaloceanspaces.com/autoupdate/edamla-matdef6/linux64/ak%C4%B1ll%C4%B1%20damla%20matematik%20defterim%206.s%C4%B1n%C4%B1f.AppImage,2026.9.1,akıllı damla matematik defterim 6.sınıf,2026-09-24T16:43:27Z,8e55ca78675c57c5cde42aa577d6f79e1985ecc7da436f4aa2c6a4c3d7aadb0bfe4d523587c9e88cd5c13738ed03e066f7217eacdfe6d41210f7eb9e73bf45de,,,,,spaces,e-damla,ams3
edamla-okudugunuanlama1,windows,win64,https://e-damla.ams3.digitaloceanspaces.com/autoupdate/edamla-okudugunuanlama1/win64/latest.yml,https://e-damla.ams3.digitaloceanspaces.com/autoupdate/edamla-okudugunuanlama1/win64/ak%C4%B1ll%C4%B1%20damla%20okudu%C4%9Funu%20anlama%201.s%C4%B1n%C4%B1f.exe,2026.9.1,akıllı damla okuduğunu anlama 1.sınıf,2026-09-22T17:12:39Z,c412afc7fbd970ecf426c9cb5c6727c8f5c30ab762c3efe73f40e6b4470a07aacb92718964a3bd772cc4d5a1322c79ca72a2ae597656cc5288ae9f8fd360ba9c,,,,,spaces,e-damla,ams3
edamla-okudugunuanlama1,linux,linux64,https://e-damla.ams3.digitaloceanspaces.com/autoupdate/edamla-okudugunuanlama1/linux64/latest.yml,https://e-damla.ams3.digitaloceanspaces.com/autoupdate/edamla-okudugunuanlama1/linux64/ak%C4%B1ll%C4%B1%20damla%20okudu%C4%9Funu%20anlama%201.s%C4%B1n%C4%B1f.AppImage,2026.9.1,akıllı damla okuduğunu anlama 1.sınıf,2026-09-24T16:47:52Z,e22b01453c2ad8c383dacf8d687073d3dfd44f5635f4b2e1b0266bf475fd84e8b6c9bcd6732d17ebff21c92e903fa85927fc72d343c8e7ad2f5b54a932ed8169,,,,,spaces,e-damla,ams3
edamla-okudugunuanlama2,windows,win64,https://e-damla.ams3.digitaloceanspaces.com/autoupdate/edamla-okudugunuanlama2/win64/latest.yml,https://e-damla.ams3.digitaloceanspaces.com/autoupdate/edamla-okudugunuanlama2/win64/ak%C4%B1ll%C4%B1%20damla%20okudu%C4%9Funu%20anlama%202.s%C4%B1n%C4%B1f.exe,2026.9.1,akıllı damla okuduğunu anlama 2.sınıf,2026-09-22T17:14:51Z,3dea472d4d36feeb49a3b8753e69497e74443d1408799f34d816e8c8d34ad024cdea18a99b422781162120669be1a8e572ee541fcaabefdb0540555d0a97f8a0,,,,,spaces,e-damla,ams3
edamla-okudugunuanlama2,linux,linux64,https://e-damla.ams3.digitaloceanspaces.com/autoupdate/edamla-okudugunuanlama2/linux64/latest.yml,https://e-damla.ams3.digitaloceanspaces.com/autoupdate/edamla-okudugunuanlama2/linux64/ak%C4%B1ll%C4%B1%20damla%20okudu%C4%9Funu%20anlama%202.s%C4%B1n%C4%B1f.AppImage,2026.9.1,akıllı damla okuduğunu anlama 2.sınıf,2026-09-24T16:49:49Z,ce8f553e622b9977106eced14332716d7c83f50b23fce04b9d594a634c3b63d88bf09f926d4297c717f273046212780a843446e02b0e3ddd447413671984aa09,,,,,spaces,e-damla,ams3
edamla-okudugunuanlama3,windows,win64,https://e-damla.ams3.digitaloceanspaces.com/autoupdate/edamla-okudugunuanlama3/win64/latest.yml,https://e-damla.ams3.digitaloceanspaces.com/autoupdate/edamla-okudugunuanlama3/win64/ak%C4%B1ll%C4%B1%20damla%20okudu%C4%9Funu%20anlama%203.s%C4%B1n%C4%B1f.exe,2026.9.1,akıllı damla okuduğunu anlama 3.sınıf,2026-09-22T17:17:17Z,f875f650870d7ab41e7ec5d3b54119b3b5bb11dcb8797e345d62b4f1d1b1edd6ec8d76361dc77e5cb610f874cbe3641c3046f9073ffb7bbc7e46c279a8ac5b80,,,,,spaces,e-damla,ams3
edamla-okudugunuanlama3,linux,linux64,https://e-damla.ams3.digitaloceanspaces.com/autoupdate/edamla-okudugunuanlama3/linux64/latest.yml,https://e-damla.ams3.digitaloceanspaces.com/autoupdate/edamla-okudugunuanlama3/linux64/ak%C4%B1ll%C4%B1%20damla%20okudu%C4%9Funu%20anlama%203.s%C4%B1n%C4%B1f.AppImage,2026.9.1,akıllı damla okuduğunu anlama 3.sınıf,2026-09-24T16:51:51Z,820a3705e99e0602b0f405d919819cab0a327543284143e1faee521cf7c59779701c20a9fc2dc80e8bc171f0d256f6d88e56752056a0f9b0acc25885d87236fc,,,,,spaces,e-damla,ams3
edamla-okudugunuanlama4,windows,win64,https://e-damla.ams3.digitaloceanspaces.com/autoupdate/edamla-okudugunuanlama4/win64/latest.yml,https://e-damla.ams3.digitaloceanspaces.com/autoupdate/edamla-okudugunuanlama4/win64/ak%C4%B1ll%C4%B1%20damla%20okudu%C4%9Funu%20anlama%204.s%C4%B1n%C4%B1f.exe,2026.9.1,akıllı damla okuduğunu anlama 4.sınıf,2026-09-24T15:08:16Z,6ec548bf608d615e66ef618184b1abcbf6b9a802993939df7a4df428228d7d6c80bed3e81cb66b76de11046fe81f4ae895b826cde7a7cfb738392c51f5060415,,,,,spaces,e-damla,ams3
edamla-okudugunuanlama4,linux,linux64,https://e-damla.ams3.digitaloceanspaces.com/autoupdate/edamla-okudugunuanlama4/linux64/latest.yml,https://e-damla.ams3.digitaloceanspaces.com/autoupdate/edamla-okudugunuanlama4/linux64/ak%C4%B1ll%C4%B1%20damla%20okudu%C4%9Funu%20anlama%204.s%C4%B1n%C4%B1f.AppImage,2026.9.1,akıllı damla okuduğunu anlama 4.sınıf,2026-09-24T16:53:45Z,cc12442031921ba6708898037eb8e03e7e0a6cb02b9d68aaf552b0d6f9708b921ea3e037fce34d8d735b13f4e1aec887041a057e969a7ee01c88ed4bd7f20289,,,,,spaces,e-damla,ams3
edamla-paragraf2,windows,win64,https://e-damla.ams3.digitaloceanspaces.com/autoupdate/edamla-paragraf2/win64/latest.yml,https://e-damla.ams3.digitaloceanspaces.com/autoupdate/edamla-paragraf2/win64/Ak%C4%B1ll%C4%B1%20Damla%20Paragraf%202.%20S%C4%B1n%C4%B1f.exe,2026.9.2,Akıllı Damla Paragraf 2. Sınıf,2026-09-16T07:32:36Z,555782435ac7aab450e314ba48375cdac5574f657c5e13d7515fa1452428f57b33bc31307e6d4bac9a97b6b396101481f2bf06cced9bf39d0aa7fcd27a59d974,,,,,spaces,e-damla,ams3
edamla-paragraf2,linux,linux64,https://e-damla.ams3.digitaloceanspaces.com/autoupdate/edamla-paragraf2/linux64/latest.yml,https://e-damla.ams3.digitaloceanspaces.com/autoupdate/edamla-paragraf2/linux64/Ak%C4%B1ll%C4%B1%20Damla%20Paragraf%202.%20S%C4%B1n%C4%B1f.AppImage,2026.9.2,Akıllı Damla Paragraf 2. Sınıf,2026-09-16T16:51:40Z,f99e6c9967b1745c0591806d2ac9d42fcbadb593dddd45cf30201fa83ec20cd6045339ae59919bfeff7c672e46b61c7e36e166578b2b0519b132dd04cd902bc1,,,,,spaces,e-damla,ams3
edamla-paragraf3,windows,win64,https://e-damla.ams3.digitaloceanspaces.com/autoupdate/edamla-paragraf3/win64/latest.yml,https://e-damla.ams3.digitaloceanspaces.com/autoupdate/edamla-paragraf3/win64/Ak%C4%B1ll%C4%B1%20Damla%20Paragraf%203.%20S%C4%B1n%C4%B1f.exe,2026.9.2,Akıllı Damla Paragraf 3. Sınıf,2026-09-16T07:37:38Z,87cbeb8e723d0a5d9d78b546d2d314a22cbe282ad337fb72e13625eb99962e70ac2b4ee75f58773caa41162beb7b31df5bd7016e7c2b9f37d26dbf93d6ee4233,,,,,spaces,e-damla,ams3
edamla-paragraf3,linux,linux64,https://e-damla.ams3.digitaloceanspaces.com/autoupdate/edamla-paragraf3/linux64/latest.yml,https://e-damla.ams3.digitaloceanspaces.com/autoupdate/edamla-paragraf3/linux64/Ak%C4%B1ll%C4%B1%20Damla%20Paragraf%203.%20S%C4%B1n%C4%B1f.AppImage,2026.9.2,Akıllı Damla Paragraf 3. Sınıf,2026-09-16T16:54:33Z,d1e6a356e3467de19f1806fa00242884c517b47f63c04cf8b64c8f583c59e641aa30e6c549ae7b0eb8c9bdeaa410a17973fb65e0bac020f80df832a68c49b526,,,,,spaces,e-damla,ams3
edamla-paragraf4,windows,win64,https://e-damla.ams3.digitaloceanspaces.com/autoupdate/edamla-paragraf4/win64/latest.yml,https://e-damla.ams3.digitaloceanspaces.com/autoupdate/edamla-paragraf4/win64/Ak%C4%B1ll%C4%B1%20Damla%20Paragraf%204.%20S%C4%B1n%C4%B1f.exe,2026.9.2,Akıllı Damla Paragraf 4. Sınıf,2026-09-16T07:46:15Z,8fdaa5e311910b1f00c43d6119bb0aa3d9b8cc58f3ccf57df38096dc44d2ca1b54b71c18e8cd1a72e6d863a18d94e4d14a1618f336629a25dcb3e9a699bbb634,,,,,spaces,e-damla,ams3
edamla-paragraf4,linux,linux64,https://e-damla.ams3.digitaloceanspaces.com/autoupdate/edamla-paragraf4/linux64/latest.yml,https://e-damla.ams3.digitaloceanspaces.com/autoupdate/edamla-paragraf4/linux64/Ak%C4%B1ll%C4%B1%20Damla%20Paragraf%204.%20S%C4%B1n%C4%B1f.AppImage,2026.9.2,Akıllı Damla Paragraf 4. Sınıf,2026-09-16T16:57:24Z,50f6ca7b8b1177fe7680ed0baf925ac762bb2fec63be1dded28226e2d3f32b1cd6980381968aacc5cfa6e86bcc61d74d8e93b27827f598e134486812b551ab90,,,,,spaces,e-damla,ams3
edamla-robotic234,windows,win64,https://e-damla.ams3.digitaloceanspaces.com/autoupdate/edamla-robotic234/win64/latest.yml,https://e-damla.ams3.digitaloceanspaces.com/autoupdate/edamla-robotic234/win64/robotic%20kodlama%202-3-4.s%C4%B1n%C4%B1f.exe,2026.9.1,robotic kodlama 2-3-4.sınıf,2026-09-24T15:37:50Z,d2390070874aad5a441c0b25c0c95f6b79940ef32c7f76b22330ac5d47bc0ab2601ebaa3f983f459b0e48e4b7a5bbd1585bc4b90a71b1566b8d805c21b9ec5a5,,,,,spaces,e-damla,ams3
edamla-robotic234,linux,linux64,https://e-damla.ams3.digitaloceanspaces.com/autoupdate/edamla-robotic234/linux64/latest.yml,https://e-damla.ams3.digitaloceanspaces.com/autoupdate/edamla-robotic234/linux64/robotic%20kodlama%202-3-4.s%C4%B1n%C4%B1f.AppImage,2026.9.1,robotic kodlama 2-3-4.sınıf,2026-09-24T16:59:20Z,71b74aa3331044d7d3331a37ddf2e78288bed96a73c303b4fdf3c1681caf88365d8842fd240fae3f4795fbf87aaa9bd8a72dd9644e9ffa320e07c1c6dc06a130,,,,,spaces,e-damla,ams3
edamla-sos5sb,windows,win64,https://e-damla.ams3.digitaloceanspaces.com/autoupdate/edamla-sos5sb/win64/latest.yml,https://e-damla.ams3.digitaloceanspaces.com/autoupdate/edamla-sos5sb/win64/pisa%20sosyal%20bilgiler%205.s%C4%B1n%C4%B1f%20soru%20bankas%C4%B1.exe,2026.9.1,pisa sosyal bilgiler 5.sınıf soru bankası,2026-09-24T15:58:57Z,7f24dbe3173a95d10afd6e2af59eb8b23e859613fc8994909d7b1c88ebb639aca7dcff6b74c57c026d49e6f54165c74368d83f13e8a52d20a8d4a94db01de6ea,,,,,spaces,e-damla,ams3
edamla-sos5sb,linux,linux64,https://e-damla.ams3.digitaloceanspaces.com/autoupdate/edamla-sos5sb/linux64/latest.yml,https://e-damla.ams3.digitaloceanspaces.com/autoupdate/edamla-sos5sb/linux64/pisa%20sosyal%20bilgiler%205.s%C4%B1n%C4%B1f%20soru%20bankas%C4%B1.AppImage,2026.9.1,pisa sosyal bilgiler 5.sınıf soru bankası,2026-09-24T17:06:27Z,877deadfd96b6ae8722e092cba7633b5793e832cbe824290c9c05d995b62429635f3632fbb0e10cbaf75007c380ff4757d51c505f3636a6c3f4c8e7c2a3242da,,,,,spaces,e-damla,ams3
edamla-sos6sb,windows,win64,https://e-damla.ams3.digitaloceanspaces.com/autoupdate/edamla-sos6sb/win64/latest.yml,https://e-damla.ams3.digitaloceanspaces.com/autoupdate/edamla-sos6sb/win64/pisa%20sosyal%20bilgiler%206.s%C4%B1n%C4%B1f%20soru%20bankas%C4%B1.exe,2026.9.1,pisa sosyal bilgiler 6.sınıf soru bankası,2026-09-24T16:10:40Z,edc031420cfa653f6d569f366add64398bb7308c851c6f45a156084f8701178e798065aab88759948aca2e897746e159cd892d75c0f02bb842340777ac6be374,,,,,spaces,e-damla,ams3
edamla-sos6sb,linux,linux64,https://e-damla.ams3.digitaloceanspaces.com/autoupdate/edamla-sos6sb/linux64/latest.yml,https://e-damla.ams3.digitaloceanspaces.com/autoupdate/edamla-sos6sb/linux64/pisa%20sosyal%20bilgiler%206.s%C4%B1n%C4%B1f%20soru%20bankas%C4%B1.AppImage,2026.9.1,pisa sosyal bilgiler 6.sınıf soru bankası,2026-09-24T17:13:11Z,a6d6beb70c385423b648a22e6f79ec4ae537b90205eed1162b70fa4e4de3ef6981fd759f0300c2277d43b95e1a695c6f3905b8f2d60632554398f8575f542081,,,,,spaces,e-damla,ams3
edamla-sos7sb,windows,win64,https://e-damla.ams3.digitaloceanspaces.com/autoupdate/edamla-sos7sb/win64/latest.yml,https://e-damla.ams3.digitaloceanspaces.com/autoupdate/edamla-sos7sb/win64/pisa%20sosyal%20bilgiler%207.s%C4%B1n%C4%B1f%20soru%20bankas%C4%B1.exe,2026.9.1,pisa sosyal bilgiler 7.sınıf soru bankası,2026-09-24T16:23:24Z,72c0d459a527f6c4a618f603b870673cc99d1cc34d801679a4c6a965c7657723c81aec06cd94a90dd55139d197cb875078fb65b5c235684f1c85a0ed8af33cda,,,,,spaces,e-damla,ams3
edamla-sos7sb,linux,linux64,https://e-damla.ams3.digitaloceanspaces.com/autoupdate/edamla-sos7sb/linux64/latest.yml,https://e-damla.ams3.digitaloceanspaces.com/autoupdate/edamla-sos7sb/linux64/pisa%20sosyal%20bilgiler%207.s%C4%B1n%C4%B1f%20soru%20bankas%C4%B1.AppImage,2026.9.1,pisa sosyal bilgiler 7.sınıf soru bankası,2026-09-24T17:20:05Z,01111dc3097aac09a0fe7c47a7f8c98035c8cfdab45861ef2c2a531b633e001a04cd6499f404bcccbfa7b269eef2d7294328c93e6524d5b3023afb8cb458d86c,,,,,spaces,e-damla,ams3
edamla-tdiodef2,windows,win64,https://e-damla.ams3.digitaloceanspaces.com/autoupdate/edamla-tdiodef2/win64/latest.yml,https://e-damla.ams3.digitaloceanspaces.com/autoupdate/edamla-tdiodef2/win64/t%C3%BCm%20dersler%20ilkokul%20defter%202.s%C4%B1n%C4%B1f.exe,2026.9.1,tüm dersler ilkokul defter 2.sınıf,2026-09-24T16:43:36Z,46361fb072ab8fa1066f38d036de263b3bb87fadfc87f3dcf176dd579fccec45c41a3ad3147185577b8050eb20d92588069ed5e609ec2dfca5e498ab4bd90b23,,,,,spaces,e-damla,ams3
edamla-tdiodef2,linux,linux64,https://e-damla.ams3.digitaloceanspaces.com/autoupdate/edamla-tdiodef2/linux64/latest.yml,https://e-damla.ams3.digitaloceanspaces.com/autoupdate/edamla-tdiodef2/linux64/t%C3%BCm%20dersler%20ilkokul%20defter%202.s%C4%B1n%C4%B1f.AppImage,2026.9.1,tüm dersler ilkokul defter 2.sınıf,2026-09-24T17:26:11Z,0728ff3f8be78f6e89e65475f58947ca035bb35c89686ea9f06f8586de5fa99247d6047893983132073be071207d423253bc626d470911066798935fc92b8daa,,,,,spaces,e-damla,ams3
edamla-tdiodef3,windows,win64,https://e-damla.ams3.digitaloceanspaces.com/autoupdate/edamla-tdiodef3/win64/latest.yml,https://e-damla.ams3.digitaloceanspaces.com/autoupdate/edamla-tdiodef3/win64/t%C3%BCm%20dersler%20ilkokul%20defter%203.s%C4%B1n%C4%B1f.exe,2026.9.1,tüm dersler ilkokul defter 3.sınıf,2026-09-24T17:10:42Z,5a4131a25f2b2ba28257b48d2c2400293426735abe834ec4003a9d1ce45b1c6934d5a007973da3851b6f41489749295ed6c3a066127c8baf18ac760d2a79a112,,,,,spaces,e-damla,ams3
edamla-tdiodef3,linux,linux64,https://e-damla.ams3.digitaloceanspaces.com/autoupdate/edamla-tdiodef3/linux64/latest.yml,https://e-damla.ams3.digitaloceanspaces.com/autoupdate/edamla-tdiodef3/linux64/t%C3%BCm%20dersler%20ilkokul%20defter%203.s%C4%B1n%C4%B1f.AppImage,2026.9.1,tüm dersler ilkokul defter 3.sınıf,2026-09-24T17:34:03Z,a0fa482ccd31a1532fb496161b96b6c6adce82b9cbe15e400c005a83e39d3bde4f6a90c40a261e27385ae3b6322a5a1b19d5bc61bd24defa0db84e93b396f334,,,,,spaces,e-damla,ams3
edamla-tdiodef4,windows,win64,https://e-damla.ams3.digitaloceanspaces.com/autoupdate/edamla-tdiodef4/win64/latest.yml,https://e-damla.ams3.digitaloceanspaces.com/autoupdate/edamla-tdiodef4/win64/t%C3%BCm%20dersler%20ilkokul%20defter%204.s%C4%B1n%C4%B1f.exe,2026.9.1,tüm dersler ilkokul defter 4.sınıf,2026-09-24T17:40:01Z,55553acd36f4aa2bd1aa47af7933f84b2972e984ad19930b5372f622f1881a38df71875739e138b40ff6512540b21763f4a3d5d7800fd8fb8ecc185ba46db459,,,,,spaces,e-damla,ams3
edamla-tdiodef4,linux,linux64,https://e-damla.ams3.digitaloceanspaces.com/autoupdate/edamla-tdiodef4/linux64/latest.yml,https://e-damla.ams3.digitaloceanspaces.com/autoupdate/edamla-tdiodef4/linux64/t%C3%BCm%20dersler%20ilkokul%20defter%204.s%C4%B1n%C4%B1f.AppImage,2026.9.1,tüm dersler ilkokul defter 4.sınıf,2026-09-24T17:43:26Z,ed75b792903ce1aab563631aeb57d94be62507a91aa4aa2d13eb36e377bf8176083710194a570c2bc8f3cc2b3d27b966ccbe75fa4f92d9cd8e8183380a334cc3,,,,,spaces,e-damla,ams3
edamla-tdsb1,windows,win64,https://e-damla.ams3.digitaloceanspaces.com/autoupdate/edamla-tdsb1/win64/latest.yml,https://e-damla.ams3.digitaloceanspaces.com/autoupdate/edamla-tdsb1/win64/ak%C4%B1ll%C4%B1%20damla%20t%C3%BCm%20dersler%20soru%20bankas%C4%B1%201.s%C4%B1n%C4%B1f-e.exe,2026.9.1,akıllı damla tüm dersler soru bankası 1.sınıf-e,2026-09-22T17:31:17Z,5cb692e6b28349a6a6d5fe145cb651fbcab59c38c919d2e0fb753c2e55bec35db0bce651d220aa0b59579d5fdd4a5a537c0d75d829cf1e34f3653087d572be2c,,,,,spaces,e-damla,ams3
edamla-tdsb1,linux,linux64,https://e-damla.ams3.digitaloceanspaces.com/autoupdate/edamla-tdsb1/linux64/latest.yml,https://e-damla.ams3.digitaloceanspaces.com/autoupdate/edamla-tdsb1/linux64/ak%C4%B1ll%C4%B1%20damla%20t%C3%BCm%20dersler%20soru%20bankas%C4%B1%201.s%C4%B1n%C4%B1f-e.AppImage,2026.9.1,akıllı damla tüm dersler soru bankası 1.sınıf-e,2026-09-24T17:48:47Z,bed5c96547f3188a302e798b99093b34f05471f104a3543663b259b558bc1b61c748c588db1752e4df11d692c67fa0b3ce164ead367a408574277d6b13f3e9af,,,,,spaces,e-damla,ams3
edamla-tdsb2,windows,win64,https://e-damla.ams3.digitaloceanspaces.com/autoupdate/edamla-tdsb2/win64/latest.yml,https://e-damla.ams3.digitaloceanspaces.com/autoupdate/edamla-tdsb2/win64/ak%C4%B1ll%C4%B1%20damla%20t%C3%BCm%20dersler%20soru%20bankas%C4%B1%202.s%C4%B1n%C4%B1f-e.exe,2026.9.1,akıllı damla tüm dersler soru bankası 2.sınıf-e,2026-09-24T17:50:09Z,b8e8f1b5281a6eed019a3ef6db05692718a76cf0ad19a537b3c402d9e4eca71b86e43027b12981084c8d94dcb008c4ddb4a2e859ffde8025fe42cd13fb1720d4,,,,,spaces,e-damla,ams3
edamla-tdsb2,linux,linux64,https://e-damla.ams3.digitaloceanspaces.com/autoupdate/edamla-tdsb2/linux64/latest.yml,https://e-damla.ams3.digitaloceanspaces.com/autoupdate/edamla-tdsb2/linux64/ak%C4%B1ll%C4%B1%20damla%20t%C3%BCm%20dersler%20soru%20bankas%C4%B1%202.s%C4%B1n%C4%B1f-e.AppImage,2026.9.1,akıllı damla tüm dersler soru bankası 2.sınıf-e,2026-09-24T17:51:45Z,ad386211c02e176f4f878d51e3a7097b5200c6da19afe0c5869fce203fa102bb1646b3a17a24c683a2a349c6ace3981d038ecf0ffcb1e72a1860908e659230d3,,,,,spaces,e-damla,ams3
edamla-tdsb3,windows,win64,https://e-damla.ams3.digitaloceanspaces.com/autoupdate/edamla-tdsb3/win64/latest.yml,https://e-damla.ams3.digitaloceanspaces.com/autoupdate/edamla-tdsb3/win64/ak%C4%B1ll%C4%B1%20damla%20t%C3%BCm%20dersler%20soru%20bankas%C4%B1%203.s%C4%B1n%C4%B1f-e.exe,2026.9.1,akıllı damla tüm dersler soru bankası 3.sınıf-e,2026-09-24T17:58:17Z,c760052c77cc39b9ea817d9dd665cb6580835a995e51dc0efd96439428d7057314ea26f1b114a37bbff912556bc00c621f8284fdc9096cd558419a57c3a2d824,,,,,spaces,e-damla,ams3
edamla-tdsb3,linux,linux64,https://e-damla.ams3.digitaloceanspaces.com/autoupdate/edamla-tdsb3/linux64/latest.yml,https://e-damla.ams3.digitaloceanspaces.com/autoupdate/edamla-tdsb3/linux64/ak%C4%B1ll%C4%B1%20damla%20t%C3%BCm%20dersler%20soru%20bankas%C4%B1%203.s%C4%B1n%C4%B1f-e.AppImage,2026.9.1,akıllı damla tüm dersler soru bankası 3.sınıf-e,2026-09-24T17:55:20Z,160c31c6502bff38f84a89f498b29b178d9db5694a8f27b8640995ab079c4615249811ced9be0bc496887a15d2ec38935981ff55558fa57a5ad619136cb55637,,,,,spaces,e-damla,ams3
edamla-tdsb4,windows,win64,https://e-damla.ams3.digitaloceanspaces.com/autoupdate/edamla-tdsb4/win64/latest.yml,https://e-damla.ams3.digitaloceanspaces.com/autoupdate/edamla-tdsb4/win64/ak%C4%B1ll%C4%B1%20damla%20t%C3%BCm%20dersler%20soru%20bankas%C4%B1%204.s%C4%B1n%C4%B1f-e.exe,2026.9.1,akıllı damla tüm dersler soru bankası 4.sınıf-e,2026-09-24T18:07:32Z,38aeebb8df6f215b551071138a4a23c69f96912499aaa4f295ddf3db77bab76ed5cac3b8285f3742fbf6c287f1b1233feafc83d693652e23974e78ee9600cbac,,,,,spaces,e-damla,ams3
edamla-tdsb4,linux,linux64,https://e-damla.ams3.digitaloceanspaces.com/autoupdate/edamla-tdsb4/linux64/latest.yml,https://e-damla.ams3.digitaloceanspaces.com/autoupdate/edamla-tdsb4/linux64/ak%C4%B1ll%C4%B1%20damla%20t%C3%BCm%20dersler%20soru%20bankas%C4%B1%204.s%C4%B1n%C4%B1f-e.AppImage,2026.9.1,akıllı damla tüm dersler soru bankası 4.sınıf-e,2026-09-24T17:58:49Z,da6bffe09bc4f91c5b6d623e8c4ab247b825aa2d82182c10df9a7f96a1386288d1df7d57fe1cc95209a2e49b6d0bc1d5567618f6e11188f463d56fab12f43295,,,,,spaces,e-damla,ams3
edamla-tumdef3,windows,win64,https://e-damla.ams3.digitaloceanspaces.com/autoupdate/edamla-tumdef3/win64/latest.yml,https://e-damla.ams3.digitaloceanspaces.com/autoupdate/edamla-tumdef3/win64/E-Damla%20T%C3%BCm%20Dersler%20Defterim%203.S%C4%B1n%C4%B1f.exe,2026.9.2,E-Damla Tüm Dersler Defterim 3.Sınıf,2026-09-15T15:19:35Z,3a7211e90be78fae7593e843a556f2049a113b8f42467fc7d1ef5ab1ed9d69c3943883417d47a9d747ac427fcc9d25e854a5d8bdd248186a0f4e34900b1dada7,,,,,spaces,e-damla,ams3
edamla-tumdef3,linux,linux64,https://e-damla.ams3.digitaloceanspaces.com/autoupdate/edamla-tumdef3/linux64/latest.yml,https://e-damla.ams3.digitaloceanspaces.com/autoupdate/edamla-tumdef3/linux64/E-Damla%20T%C3%BCm%20Dersler%20Defterim%203.S%C4%B1n%C4%B1f.AppImage,2026.9.2,E-Damla Tüm Dersler Defterim 3.Sınıf,2026-09-16T17:01:37Z,5836f6df1e1bddbe4ba7b6fd472bb53d080b909d4c82698c218b9cf88784d753f3422e8a480aee5afbbb2e7f948a1ed6be7e51f2eaf8fe43abb5cce40102394b,,,,,spaces,e-damla,ams3
edamla-tumdef4,windows,win64,https://e-damla.ams3.digitaloceanspaces.com/autoupdate/edamla-tumdef4/win64/latest.yml,https://e-damla.ams3.digitaloceanspaces.com/autoupdate/edamla-tumdef4/win64/E-Damla%20T%C3%BCm%20Dersler%20Defterim%204.S%C4%B1n%C4%B1f.exe,2026.9.2,E-Damla Tüm Dersler Defterim 4.Sınıf,2026-09-17T08:01:26Z,c648b0b923f9e0ba381755a6f52757b989e25e5e30acf6d3c95f56f2c0e608aa9c6cf1595cc667ab78f807db78447d31df1a8194b5b0f475f1fe87ede72285f2,,,,,spaces,e-damla,ams3
edamla-tumdef4,linux,linux64,https://e-damla.ams3.digitaloceanspaces.com/autoupdate/edamla-tumdef4/linux64/latest.yml,https://e-damla.ams3.digitaloceanspaces.com/autoupdate/edamla-tumdef4/linux64/E-Damla%20T%C3%BCm%20Dersler%20Defterim%204.S%C4%B1n%C4%B1f.AppImage,2026.9.2,E-Damla Tüm Dersler Defterim 4.Sınıf,2026-09-16T17:06:52Z,6e82271cee1b2ebd498a58881cced4275bf82c04c762f8bfc1ce06a8f10b6b10a0da13722db660cee2b3d0827caa459cd7122d9438bee2020e109488ef6ef243,,,,,spaces,e-damla,ams3
edamla-tur5sb,windows,win64,https://e-damla.ams3.digitaloceanspaces.com/autoupdate/edamla-tur5sb/win64/latest.yml,https://e-damla.ams3.digitaloceanspaces.com/autoupdate/edamla-tur5sb/win64/pisa%20t%C3%BCrk%C3%A7e%205.s%C4%B1n%C4%B1f%20soru%20bankas%C4%B1.exe,2026.9.1,pisa türkçe 5.sınıf soru bankası,2026-09-24T18:24:24Z,22659b14540c274bc853ab20ee22f843f36e00177af274c7d14121fe39cabd2adfd22b88aaac81eb08d45cd32acc592588ce1da6594f4984b2a8aa6ae429cbd1,,,,,spaces,e-damla,ams3
edamla-tur5sb,linux,linux64,https://e-damla.ams3.digitaloceanspaces.com/autoupdate/edamla-tur5sb/linux64/latest.yml,https://e-damla.ams3.digitaloceanspaces.com/autoupdate/edamla-tur5sb/linux64/pisa%20t%C3%BCrk%C3%A7e%205.s%C4%B1n%C4%B1f%20soru%20bankas%C4%B1.AppImage,2026.9.1,pisa türkçe 5.sınıf soru bankası,2026-09-24T18:05:47Z,0530d7d716cc0ddbe5fe4831b32e7f01a43d059037c2c8055055a030c120bc7815c0b52424883177a45329fb972383117634406172d4d70869d9216e4a9f6396,,,,,spaces,e-damla,ams3
edamla-tur6sb,windows,win64,https://e-damla.ams3.digitaloceanspaces.com/autoupdate/edamla-tur6sb/win64/latest.yml,https://e-damla.ams3.digitaloceanspaces.com/autoupdate/edamla-tur6sb/win64/pisa%20t%C3%BCrk%C3%A7e%206.s%C4%B1n%C4%B1f%20soru%20bankas%C4%B1.exe,2026.9.1,pisa türkçe 6.sınıf soru bankası,2026-09-24T18:37:01Z,4470d3d32181868321b9c8244b274eb4f6a9d1d0e7855716b380ab55719a7a281c147e084b6302d322e6f960485dc1035d95cf28997d1bbf0db95b22586d8a16,,,,,spaces,e-damla,ams3
edamla-tur6sb,linux,linux64,https://e-damla.ams3.digitaloceanspaces.com/autoupdate/edamla-tur6sb/linux64/latest.yml,https://e-damla.ams3.digitaloceanspaces.com/autoupdate/edamla-tur6sb/linux64/pisa%20t%C3%BCrk%C3%A7e%206.s%C4%B1n%C4%B1f%20soru%20bankas%C4%B1.AppImage,2026.9.1,pisa türkçe 6.sınıf soru bankası,2026-09-24T18:11:32Z,239403f24b735a63e44d50be873ffcb2beab6ee7662982ceb0582ccc266efa0f766eac5de403e85d2efcee9125a1b2f3ef64e80b7042f4e823a9b4916bafb922,,,,,spaces,e-damla,ams3
edamla-tur7sb,windows,win64,https://e-damla.ams3.digitaloceanspaces.com/autoupdate/edamla-tur7sb/win64/latest.yml,https://e-damla.ams3.digitaloceanspaces.com/autoupdate/edamla-tur7sb/win64/pisa%20t%C3%BCrk%C3%A7e%207.s%C4%B1n%C4%B1f%20soru%20bankas%C4%B1.exe,2026.9.1,pisa türkçe 7.sınıf soru bankası,2026-09-24T18:56:12Z,004e38ee262bf6cdf16b4214fe7dc785be044183b7960dcc1f8585dc870ff99b11f6d74899eca6945371461fb2cb37d0b9f39927ef9ffe0b575b836a2914837e,,,,,spaces,e-damla,ams3
edamla-tur7sb,linux,linux64,https://e-damla.ams3.digitaloceanspaces.com/autoupdate/edamla-tur7sb/linux64/latest.yml,https://e-damla.ams3.digitaloceanspaces.com/autoupdate/edamla-tur7sb/linux64/pisa%20t%C3%BCrk%C3%A7e%207.s%C4%B1n%C4%B1f%20soru%20bankas%C4%B1.AppImage,2026.9.1,pisa türkçe 7.sınıf soru bankası,2026-09-24T18:17:22Z,dceda8cef2a094e4de2c6cbffb2364a9e37f8765b64a219e7a72a2833a757ccb7a8b10d7e074b4431bf512cf603a393e5868e2e7c58226d1d605b329a4b9b108,,,,,spaces,e-damla,ams3
edamla-tur8ytest,windows,win64,https://e-damla.ams3.digitaloceanspaces.com/autoupdate/edamla-tur8ytest/win64/latest.yml,https://e-damla.ams3.digitaloceanspaces.com/autoupdate/edamla-tur8ytest/win64/yeni%20nesil%20t%C3%BCrk%C3%A7e%208.s%C4%B1n%C4%B1f%20test.exe,2026.9.1,yeni nesil türkçe 8.sınıf test,2026-09-24T19:03:02Z,efc96c6b3db71d18932958650b8a297ddefd2282239dc03da7672a481cde38faa035b697a16671c4306d7b6996f4aaa2353e48b1ba28deaa210604f7ab2e5f14,,,,,spaces,e-damla,ams3
edamla-tur8ytest,linux,linux64,https://e-damla.ams3.digitaloceanspaces.com/autoupdate/edamla-tur8ytest/linux64/latest.yml,https://e-damla.ams3.digitaloceanspaces.com/autoupdate/edamla-tur8ytest/linux64/yeni%20nesil%20t%C3%BCrk%C3%A7e%208.s%C4%B1n%C4%B1f%20test.AppImage,2026.9.1,yeni nesil türkçe 8.sınıf test,2026-09-24T18:20:09Z,39fb21be4b10cf470a819c241d540f7789b6a495fe0fc3ee644798fbb4168a5c9d5f2d32029c111e76606cf6601db4d64a358467c361b329bd38d2163714b13c,,,,,spaces,e-damla,ams3
edamla-yndin5sb,windows,win64,https://e-damla.ams3.digitaloceanspaces.com/autoupdate/edamla-yndin5sb/win64/latest.yml,https://e-damla.ams3.digitaloceanspaces.com/autoupdate/edamla-yndin5sb/win64/yeni%20nesil%20din%20k%C3%BClt%C3%BCr%C3%BC%20ve%20ahlak%20bilgisi%205.s%C4%B1n%C4%B1f%20soru%20bankas%C4%B1.exe,2026.9.1,yeni nesil din kültürü ve ahlak bilgisi 5.sınıf soru bankası,2026-09-24T19:35:37Z,32c45ddad1fa8008d7a2863dee0e01904348b22bbb2592f3c14c0be2db8ea6946774dc09207fa75a548d439d459f779b18495c592a67495c6e9063206edb6e9b,,,,,spaces,e-damla,ams3
edamla-yndin5sb,linux,linux64,https://e-damla.ams3.digitaloceanspaces.com/autoupdate/edamla-yndin5sb/linux64/latest.yml,https://e-damla.ams3.digitaloceanspaces.com/autoupdate/edamla-yndin5sb/linux64/yeni%20nesil%20din%20k%C3%BClt%C3%BCr%C3%BC%20ve%20ahlak%20bilgisi%205.s%C4%B1n%C4%B1f%20soru%20bankas%C4%B1.AppImage,2026.9.1,yeni nesil din kültürü ve ahlak bilgisi 5.sınıf soru bankası,2026-09-24T18:27:28Z,b6fa02b9dc73681411f6bfe8c41034ec40266d97f10e1751b645f744c201d46013a23473ca80f31e6cf1107b86035c3b60123648f27c4ddc4c4fd46d59625e30,,,,,spaces,e-damla,ams3
edamla-yndin7sb,windows,win64,https://e-damla.ams3.digitaloceanspaces.com/autoupdate/edamla-yndin7sb/win64/latest.yml,https://e-damla.ams3.digitaloceanspaces.com/autoupdate/edamla-yndin7sb/win64/yeni%20nesil%20din%20k%C3%BClt%C3%BCr%C3%BC%20ve%20ahlak%20bilgisi%207.s%C4%B1n%C4%B1f%20soru%20bankas%C4%B1.exe,2026.9.1,yeni nesil din kültürü ve ahlak bilgisi 7.sınıf soru bankası,2026-09-24T19:58:50Z,6d702d43a28f9362455c645773ff97090201a659d64bb85f3b5eea3e5f1d5d439e682019addafbbba27c72740d4204e879702627a3b6c198d6b3bb742eb17fe7,,,,,spaces,e-damla,ams3
edamla-yndin7sb,linux,linux64,https://e-damla.ams3.digitaloceanspaces.com/autoupdate/edamla-yndin7sb/linux64/latest.yml,https://e-damla.ams3.digitaloceanspaces.com/autoupdate/edamla-yndin7sb/linux64/yeni%20nesil%20din%20k%C3%BClt%C3%BCr%C3%BC%20ve%20ahlak%20bilgisi%207.s%C4%B1n%C4%B1f%20soru%20bankas%C4%B1.AppImage,2026.9.1,yeni nesil din kültürü ve ahlak bilgisi 7.sınıf soru bankası,2026-09-24T18:36:14Z,c1a184584f7c97434f6c8b303d6e225b8d3c38648c9b2a5d9ba78aceeb7f8bd3d0eb4e843ff8531fbf5ff4cb38ce10be6f38c09b7f0eba0540a4d4a60ffc7bec,,,,,spaces,e-damla,ams3
edamla-yndin8foy,windows,win64,https://e-damla.ams3.digitaloceanspaces.com/autoupdate/edamla-yndin8foy/win64/latest.yml,https://e-damla.ams3.digitaloceanspaces.com/autoupdate/edamla-yndin8foy/win64/%C5%9Fef%20yeni%20nesil%20din%20k%C3%BClt%C3%BCr%C3%BC%20ve%20ahlak%20bilgisi%20f%C3%B6y%208.s%C4%B1n%C4%B1f.exe,2026.9.1,şef yeni nesil din kültürü ve ahlak bilgisi föy 8.sınıf,2026-09-24T20:35:51Z,d0da5b86dfc9117b5095a65f7b6c26bded0389f2c176d1fb892461000aa8bbc72a2f0626ca7ed37d8f77a17497964a33bfef2c861156a9f0c73548f40663d63a,,,,,spaces,e-damla,ams3
edamla-yndin8foy,linux,linux64,https://e-damla.ams3.digitaloceanspaces.com/autoupdate/edamla-yndin8foy/linux64/latest.yml,https://e-damla.ams3.digitaloceanspaces.com/autoupdate/edamla-yndin8foy/linux64/%C5%9Fef%20yeni%20nesil%20din%20k%C3%BClt%C3%BCr%C3%BC%20ve%20ahlak%20bilgisi%20f%C3%B6y%208.s%C4%B1n%C4%B1f.AppImage,2026.9.1,şef yeni nesil din kültürü ve ahlak bilgisi föy 8.sınıf,2026-09-24T18:46:42Z,526fa6e3d9f474440d22398fea5a6e94e180f53fa339c3a9b1661790fd11b7144e81f05c9409a7e8026bb140c8786c75c67f081b35fd665d73e1efc0e1c866ef,,,,,spaces,e-damla,ams3
edamla-ynfen5sb,windows,win64,https://e-damla.ams3.digitaloceanspaces.com/autoupdate/edamla-ynfen5sb/win64/latest.yml,https://e-damla.ams3.digitaloceanspaces.com/autoupdate/edamla-ynfen5sb/win64/yeni%20nesil%20fen%20bilimleri%205.s%C4%B1n%C4%B1f%20soru%20bankas%C4%B1.exe,2026.9.1,yeni nesil fen bilimleri 5.sınıf soru bankası,2026-09-24T21:01:50Z,c6927bd52801ba6184544258d3c90f17765b31c379a67333374583b3358fbc07323eecf9753f3aaace4a11ea5d6d8371099829a26cf3fd653692dd1a5de7949a,,,,,spaces,e-damla,ams3
edamla-ynfen5sb,linux,linux64,https://e-damla.ams3.digitaloceanspaces.com/autoupdate/edamla-ynfen5sb/linux64/latest.yml,https://e-damla.ams3.digitaloceanspaces.com/autoupdate/edamla-ynfen5sb/linux64/yeni%20nesil%20fen%20bilimleri%205.s%C4%B1n%C4%B1f%20soru%20bankas%C4%B1.AppImage,2026.9.1,yeni nesil fen bilimleri 5.sınıf soru bankası,2026-09-24T18:55:57Z,feb8127b7f311244114093209e42b53bc0f48aae17113705589046688fca1f40580e395e3a800d130ad0034ac6891dbaae6390e37845eac824f8a66e54ca9a2c,,,,,spaces,e-damla,ams3
edamla-ynfen6sb,windows,win64,https://e-damla.ams3.digitaloceanspaces.com/autoupdate/edamla-ynfen6sb/win64/latest.yml,https://e-damla.ams3.digitaloceanspaces.com/autoupdate/edamla-ynfen6sb/win64/yeni%20nesil%20fen%20bilimleri%206.s%C4%B1n%C4%B1f%20soru%20bankas%C4%B1.exe,2026.9.1,yeni nesil fen bilimleri 6.sınıf soru bankası,2026-09-24T21:06:50Z,3a46e3be07923fd0468a4cfdfe12e767fa1440ae0692fe5314a315423943b01da1903f9668f5200887bc6dc9fafa4b29f663c7f79a0094759cc3e30aa1287777,,,,,spaces,e-damla,ams3
edamla-ynfen6sb,linux,linux64,https://e-damla.ams3.digitaloceanspaces.com/autoupdate/edamla-ynfen6sb/linux64/latest.yml,https://e-damla.ams3.digitaloceanspaces.com/autoupdate/edamla-ynfen6sb/linux64/yeni%20nesil%20fen%20bilimleri%206.s%C4%B1n%C4%B1f%20soru%20bankas%C4%B1.AppImage,2026.9.1,yeni nesil fen bilimleri 6.sınıf soru bankası,2026-09-24T19:00:52Z,52ce848f959a534bb91219c0ac401f1ac94a19e56c551547f3bcb414debb1482395b7e266f3e997815f1063b621baa74473f8011387288d0a7ec4f542eebb47d,,,,,spaces,e-damla,ams3
edamla-ynfen7sb,windows,win64,https://e-damla.ams3.digitaloceanspaces.com/autoupdate/edamla-ynfen7sb/win64/latest.yml,https://e-damla.ams3.digitaloceanspaces.com/autoupdate/edamla-ynfen7sb/win64/yeni%20nesil%20fen%20bilimleri%207.s%C4%B1n%C4%B1f%20soru%20bankas%C4%B1.exe,2026.9.1,yeni nesil fen bilimleri 7.sınıf soru bankası,2026-09-24T21:20:38Z,6779ba6ed57b3f1d4ecdf066328b0c4f502e30cf224f51c22ae8264bfe2310b1d275307b501cfdcb8688883638662281959566213feeee65c6c1cb92937d9eea,,,,,spaces,e-damla,ams3
edamla-ynfen7sb,linux,linux64,https://e-damla.ams3.digitaloceanspaces.com/autoupdate/edamla-ynfen7sb/linux64/latest.yml,https://e-damla.ams3.digitaloceanspaces.com/autoupdate/edamla-ynfen7sb/linux64/yeni%20nesil%20fen%20bilimleri%207.s%C4%B1n%C4%B1f%20soru%20bankas%C4%B1.AppImage,2026.9.1,yeni nesil fen bilimleri 7.sınıf soru bankası,2026-09-24T19:05:23Z,a71174137fd0b6ab17550a3bc8d4d055ed5ee215733465d3d9db29289f89bd8b5fcebdab276d2ba96b613c4258d662d1bfa563927ab9ca4d8e789c473efa70a7,,,,,spaces,e-damla,ams3
edamla-ynfen8sb,windows,win64,https://e-damla.ams3.digitaloceanspaces.com/autoupdate/edamla-ynfen8sb/win64/latest.yml,https://e-damla.ams3.digitaloceanspaces.com/autoupdate/edamla-ynfen8sb/win64/yeni%20nesil%20fen%20bilimleri%208.s%C4%B1n%C4%B1f%20soru%20bankas%C4%B1.exe,2026.9.1,yeni nesil fen bilimleri 8.sınıf soru bankası,2026-09-24T21:47:12Z,d5890fa4140914580a21af3b1f4f882fdd918b8d8cc6034044e219cb94d48e4af57817ba14779c1302ad938c323157df492758f6b18ccdbba0f6bf8bdd518bd3,,,,,spaces,e-damla,ams3
edamla-ynfen8sb,linux,linux64,https://e-damla.ams3.digitaloceanspaces.com/autoupdate/edamla-ynfen8sb/linux64/latest.yml,https://e-damla.ams3.digitaloceanspaces.com/autoupdate/edamla-ynfen8sb/linux64/yeni%20nesil%20fen%20bilimleri%208.s%C4%B1n%C4%B1f%20soru%20bankas%C4%B1.AppImage,2026.9.1,yeni nesil fen bilimleri 8.sınıf soru bankası,2026-09-24T19:13:12Z,05f4c67bcca7a2716157932ea4e1d33f2fc8ad7e19ed8f14bbd93ea59e9157403fe5d76f55de95de4fb3258ec38801af82e7e78b4777625b01dd44dcb20dbbdd,,,,,spaces,e-damla,ams3
edamla-ynmat5sb,windows,win64,https://e-damla.ams3.digitaloceanspaces.com/autoupdate/edamla-ynmat5sb/win64/latest.yml,https://e-damla.ams3.digitaloceanspaces.com/autoupdate/edamla-ynmat5sb/win64/yeni%20nesil%20matematik%205.s%C4%B1n%C4%B1f%20soru%20bankas%C4%B1.exe,2026.9.1,yeni nesil matematik 5.sınıf soru bankası,2026-09-24T22:04:38Z,3422e219738816933e681d003c3df1e5a8041e0405005288e706f75de70147bf6c6cfe75f7c7f1d2c9eefcc7654c755bee9f9ed2c78906ef34ce0d19351ddfb4,,,,,spaces,e-damla,ams3
edamla-ynmat5sb,linux,linux64,https://e-damla.ams3.digitaloceanspaces.com/autoupdate/edamla-ynmat5sb/linux64/latest.yml,https://e-damla.ams3.digitaloceanspaces.com/autoupdate/edamla-ynmat5sb/linux64/yeni%20nesil%20matematik%205.s%C4%B1n%C4%B1f%20soru%20bankas%C4%B1.AppImage,2026.9.1,yeni nesil matematik 5.sınıf soru bankası,2026-09-24T19:20:28Z,b99c0a2df609a07b3711f46cd4e47c6c53de67b3de2e165d2e8becc27a3e568028fa81b47191960efdd610ad17d92ceb228031283df460eeb0ea11efe0774210,,,,,spaces,e-damla,ams3
edamla-ynmat6sb,windows,win64,https://e-damla.ams3.digitaloceanspaces.com/autoupdate/edamla-ynmat6sb/win64/latest.yml,https://e-damla.ams3.digitaloceanspaces.com/autoupdate/edamla-ynmat6sb/win64/yeni%20nesil%20matematik%206.s%C4%B1n%C4%B1f%20soru%20bankas%C4%B1.exe,2026.9.1,yeni nesil matematik 6.sınıf soru bankası,2026-09-24T22:23:11Z,764abe0567b6a39cb53a7ff7d969245883d79e61a6f2aff9da402f9df6b0193457375ceebe17e5ee5f27fcb81b7b5fdca9c175e04512233c9ce8d006fe4893cc,,,,,spaces,e-damla,ams3
edamla-ynmat6sb,linux,linux64,https://e-damla.ams3.digitaloceanspaces.com/autoupdate/edamla-ynmat6sb/linux64/latest.yml,https://e-damla.ams3.digitaloceanspaces.com/autoupdate/edamla-ynmat6sb/linux64/yeni%20nesil%20matematik%206.s%C4%B1n%C4%B1f%20soru%20bankas%C4%B1.AppImage,2026.9.1,yeni nesil matematik 6.sınıf soru bankası,2026-09-24T19:26:25Z,1a341a92ec5aa15a2f294079ffd0c73de31a6bd9b4fc38ce43766bdba29ec72c5906ba809bf7c040699d6c0798feae3c7b61fdc499a3c8ccbb936c4c109d8d85,,,,,spaces,e-damla,ams3
edamla-ynmat7sb,windows,win64,https://e-damla.ams3.digitaloceanspaces.com/autoupdate/edamla-ynmat7sb/win64/latest.yml,https://e-damla.ams3.digitaloceanspaces.com/autoupdate/edamla-ynmat7sb/win64/yeni%20nesil%20matematik%207.s%C4%B1n%C4%B1f%20soru%20bankas%C4%B1.exe,2026.9.1,yeni nesil matematik 7.sınıf soru bankası,2026-09-24T22:33:59Z,517722fd1e701645efbab17a808d714bc5f96459f0e067f757f2b936465e19d70b97c1794f21d2e409f5dddccde8813dd7240f0b871b6b2ec62d6dc4412c9a04,,,,,spaces,e-damla,ams3
edamla-ynmat7sb,linux,linux64,https://e-damla.ams3.digitaloceanspaces.com/autoupdate/edamla-ynmat7sb/linux64/latest.yml,https://e-damla.ams3.digitaloceanspaces.com/autoupdate/edamla-ynmat7sb/linux64/yeni%20nesil%20matematik%207.s%C4%B1n%C4%B1f%20soru%20bankas%C4%B1.AppImage,2026.9.1,yeni nesil matematik 7.sınıf soru bankası,2026-09-24T19:31:50Z,8d7d3c9103aaf7888cdcd93df5f02e2ff22fee7959d0fb2448407c73a768a094ae3f91d0eebf72e47992b76304dddde28c099c3b35df9ad416973f55c5358f7c,,,,,spaces,e-damla,ams3
edamla-ynmat8foy,windows,win64,https://e-damla.ams3.digitaloceanspaces.com/autoupdate/edamla-ynmat8foy/win64/latest.yml,https://e-damla.ams3.digitaloceanspaces.com/autoupdate/edamla-ynmat8foy/win64/%C5%9Fef%20yeni%20nesil%20matematik%20f%C3%B6y%208.s%C4%B1n%C4%B1f.exe,2026.9.1,şef yeni nesil matematik föy 8.sınıf,2026-09-24T22:54:34Z,8e020e0d47181379b476e7870a1144b48c137d79cffdd78e1252c68bb5ed190ea7c32e0d91d7fc467bf1bb6243141d769290bbe05aae2b3edb572058008d72e8,,,,,spaces,e-damla,ams3
edamla-ynmat8foy,linux,linux64,https://e-damla.ams3.digitaloceanspaces.com/autoupdate/edamla-ynmat8foy/linux64/latest.yml,https://e-damla.ams3.digitaloceanspaces.com/autoupdate/edamla-ynmat8foy/linux64/%C5%9Fef%20yeni%20nesil%20matematik%20f%C3%B6y%208.s%C4%B1n%C4%B1f.AppImage,2026.9.1,şef yeni nesil matematik föy 8.sınıf,2026-09-24T19:37:48Z,854b3e4572802fabaf76fd2fc90f56eeccd6e7ad1cd0b25c0ba954984acd1a5cc8d5da7118e4c47f849306ae40b96ca59a19bf509dd723bbd7ea0754c2ae894c,,,,,spaces,e-damla,ams3
edamla-ynsos5sb,windows,win64,https://e-damla.ams3.digitaloceanspaces.com/autoupdate/edamla-ynsos5sb/win64/latest.yml,https://e-damla.ams3.digitaloceanspaces.com/autoupdate/edamla-ynsos5sb/win64/yeni%20nesil%20sosyal%20bilgiler%205.s%C4%B1n%C4%B1f%20soru%20bankas%C4%B1.exe,2026.9.1,yeni nesil sosyal bilgiler 5.sınıf soru bankası,2026-09-24T23:16:45Z,d214e21cc0736eeb4d7f462a2b6450360abe352a6b3da3acf574ab7628e1a6bc0f115aa49793dfaae54aa7ab22520724ef28e41d13289fa762a78780d0d9afa4,,,,,spaces,e-damla,ams3
edamla-ynsos5sb,linux,linux64,https://e-damla.ams3.digitaloceanspaces.com/autoupdate/edamla-ynsos5sb/linux64/latest.yml,https://e-damla.ams3.digitaloceanspaces.com/autoupdate/edamla-ynsos5sb/linux64/yeni%20nesil%20sosyal%20bilgiler%205.s%C4%B1n%C4%B1f%20soru%20bankas%C4%B1.AppImage,2026.9.1,yeni nesil sosyal bilgiler 5.sınıf soru bankası,2026-09-24T19:46:25Z,82ccd8991b3f4ba9c84558912129f890a0dad7925d7d2db79b3fc3acba174e842d804464c20afe0c75a088926de8f752e7c37651e992dec6bbd1cf75055963a0,,,,,spaces,e-damla,ams3
edamla-ynsos6sb,windows,win64,https://e-damla.ams3.digitaloceanspaces.com/autoupdate/edamla-ynsos6sb/win64/latest.yml,https://e-damla.ams3.digitaloceanspaces.com/autoupdate/edamla-ynsos6sb/win64/yeni%20nesil%20sosyal%20bilgiler%206.s%C4%B1n%C4%B1f%20soru%20bankas%C4%B1.exe,2026.9.1,yeni nesil sosyal bilgiler 6.sınıf soru bankası,2026-09-24T23:31:48Z,b8418ee0d1d1eb70fc964901edf8cf5e9934aebb8e4c57c6942b0a329b7f11fa27fa04052d19188ca538db7f6eeae4e09477a092d4e87a6de3b1da02d828d493,,,,,spaces,e-damla,ams3
edamla-ynsos6sb,linux,linux64,https://e-damla.ams3.digitaloceanspaces.com/autoupdate/edamla-ynsos6sb/linux64/latest.yml,https://e-damla.ams3.digitaloceanspaces.com/autoupdate/edamla-ynsos6sb/linux64/yeni%20nesil%20sosyal%20bilgiler%206.s%C4%B1n%C4%B1f%20soru%20bankas%C4%B1.AppImage,2026.9.1,yeni nesil sosyal bilgiler 6.sınıf soru bankası,2026-09-24T19:52:02Z,74eb6bfbc33f6f3ec77a81f63afda3fd06bc2f1d891ceeb94b62862d14824b0c732bcdc03157270cfb87b98ddc4ca709451d4e6cb8c271b89036f67c695b7a18,,,,,spaces,e-damla,ams3
edamla-ynsos7sb,windows,win64,https://e-damla.ams3.digitaloceanspaces.com/autoupdate/edamla-ynsos7sb/win64/latest.yml,https://e-damla.ams3.digitaloceanspaces.com/autoupdate/edamla-ynsos7sb/win64/yeni%20nesil%20sosyal%20bilgiler%207.s%C4%B1n%C4%B1f%20soru%20bankas%C4%B1.exe,2026.9.1,yeni nesil sosyal bilgiler 7.sınıf soru bankası,2026-09-24T23:48:39Z,f63b32053eb6975b7bc66a1cffb8e3a6e4628d2e1cb97f01585abce5956eb91fc80618c90f8d39e04681dfb969395c1376eb8f20c5f95287c9cc00168cfdffd0,,,,,spaces,e-damla,ams3
edamla-ynsos7sb,linux,linux64,https://e-damla.ams3.digitaloceanspaces.com/autoupdate/edamla-ynsos7sb/linux64/latest.yml,https://e-damla.ams3.digitaloceanspaces.com/autoupdate/edamla-ynsos7sb/linux64/yeni%20nesil%20sosyal%20bilgiler%207.s%C4%B1n%C4%B1f%20soru%20bankas%C4%B1.AppImage,2026.9.1,yeni nesil sosyal bilgiler 7.sınıf soru bankası,2026-09-24T19:58:40Z,6e0f262d4c09e9a96c8adfc03f417ad21c839978d7fcf58aafa6779c62253605c00d48ff86008b02629a57d752392e6124fafccbb67678a854e3423b64499225,,,,,spaces,e-damla,ams3
edamla-yntur5sb,windows,win64,https://e-damla.ams3.digitaloceanspaces.com/autoupdate/edamla-yntur5sb/win64/latest.yml,https://e-damla.ams3.digitaloceanspaces.com/autoupdate/edamla-yntur5sb/win64/yeni%20nesil%20t%C3%BCrk%C3%A7e%205.s%C4%B1n%C4%B1f%20soru%20bankas%C4%B1.exe,2026.9.1,yeni nesil türkçe 5.sınıf soru bankası,2026-09-25T00:06:17Z,6adc10c8c046dee18b079f795383bfbb4dcca93a3a966b926d0466fbde6a2aa34007c68aeeb05eccc33d441fdb286ea73a02bdb6fc3bbb2e6d99270e7d4ac4b4,,,,,spaces,e-damla,ams3
edamla-yntur5sb,linux,linux64,https://e-damla.ams3.digitaloceanspaces.com/autoupdate/edamla-yntur5sb/linux64/latest.yml,https://e-damla.ams3.digitaloceanspaces.com/autoupdate/edamla-yntur5sb/linux64/yeni%20nesil%20t%C3%BCrk%C3%A7e%205.s%C4%B1n%C4%B1f%20soru%20bankas%C4%B1.AppImage,2026.9.1,yeni nesil türkçe 5.sınıf soru bankası,2026-09-24T20:06:26Z,ff6bbfc102205e69d3ad60ea77ed501db09338a74ecf9fe11c0879657352fae298fe0b13381da5f4508bb2dfe559687b31e552471ebe783efcf61bc7edf94aca,,,,,spaces,e-damla,ams3
edamla-yntur6sb,windows,win64,https://e-damla.ams3.digitaloceanspaces.com/autoupdate/edamla-yntur6sb/win64/latest.yml,https://e-damla.ams3.digitaloceanspaces.com/autoupdate/edamla-yntur6sb/win64/yeni%20nesil%20t%C3%BCrk%C3%A7e%206.s%C4%B1n%C4%B1f%20soru%20bankas%C4%B1.exe,2026.9.1,yeni nesil türkçe 6.sınıf soru bankası,2026-09-25T00:25:07Z,97ad7178fff8f8fe11d60dcc3f129fd2d799541140c5f7e5fca4f4c69c1b89e8ac44859df4231ce708558b9a511c99d63c9df347626a96e64bd404d869d8c0d9,,,,,spaces,e-damla,ams3
edamla-yntur6sb,linux,linux64,https://e-damla.ams3.digitaloceanspaces.com/autoupdate/edamla-yntur6sb/linux64/latest.yml,https://e-damla.ams3.digitaloceanspaces.com/autoupdate/edamla-yntur6sb/linux64/yeni%20nesil%20t%C3%BCrk%C3%A7e%206.s%C4%B1n%C4%B1f%20soru%20bankas%C4%B1.AppImage,2026.9.1,yeni nesil türkçe 6.sınıf soru bankası,2026-09-24T20:13:35Z,070d712afa114cd0ab784d2f994ad63855aec8f601caaaaa92baaaedf913083124ad916e4cccf4a43e10e822eda903bd91b54b50b3d72622635ccfaf857c67b4,,,,,spaces,e-damla,ams3
edamla-yntur7sb,windows,win64,https://e-damla.ams3.digitaloceanspaces.com/autoupdate/edamla-yntur7sb/win64/latest.yml,https://e-damla.ams3.digitaloceanspaces.com/autoupdate/edamla-yntur7sb/win64/yeni%20nesil%20t%C3%BCrk%C3%A7e%207.s%C4%B1n%C4%B1f%20soru%20bankas%C4%B1.exe,2026.9.1,yeni nesil türkçe 7.sınıf soru bankası,2026-09-25T00:41:31Z,a76631cbdfaa5d8330352ccd184dd47653b82d4fee7d9ba5d91b3fff59b74ff02b672152b2b16e5f24a53410c8e2c8636c8067484dfe6440c5815c7cce7dcaa0,,,,,spaces,e-damla,ams3
edamla-yntur7sb,linux,linux64,https://e-damla.ams3.digitaloceanspaces.com/autoupdate/edamla-yntur7sb/linux64/latest.yml,https://e-damla.ams3.digitaloceanspaces.com/autoupdate/edamla-yntur7sb/linux64/yeni%20nesil%20t%C3%BCrk%C3%A7e%207.s%C4%B1n%C4%B1f%20soru%20bankas%C4%B1.AppImage,2026.9.1,yeni nesil türkçe 7.sınıf soru bankası,2026-09-24T20:20:16Z,13c3a6b91d42efbc1dceac20bbd82dd4ec5b340992f5ad32304360b72a34108a8bb53194c5c350843c6e0a9aab1c1fcff18b5e71bb10c61a359162099f4462c8,,,,,spaces,e-damla,ams3
edamla-yntur8sb,windows,win64,https://e-damla.ams3.digitaloceanspaces.com/autoupdate/edamla-yntur8sb/win64/latest.yml,https://e-damla.ams3.digitaloceanspaces.com/autoupdate/edamla-yntur8sb/win64/yeni%20nesil%20t%C3%BCrk%C3%A7e%208.s%C4%B1n%C4%B1f%20soru%20bankas%C4%B1.exe,2026.9.1,yeni nesil türkçe 8.sınıf soru bankası,2026-09-25T01:14:21Z,bea9fc94b1dd160f43fdbfc56940a19c1112d0cf3b80dc8614d00c28b87f0e910988906a6230b4cbd5419ef5243d2bead2b66962a508faba98883e03a4321c00,,,,,spaces,e-damla,ams3
edamla-yntur8sb,linux,linux64,https://e-damla.ams3.digitaloceanspaces.com/autoupdate/edamla-yntur8sb/linux64/latest.yml,https://e-damla.ams3.digitaloceanspaces.com/autoupdate/edamla-yntur8sb/linux64/yeni%20nesil%20t%C3%BCrk%C3%A7e%208.s%C4%B1n%C4%B1f%20soru%20bankas%C4%B1.AppImage,2026.9.1,yeni nesil türkçe 8.sınıf soru bankası,2026-09-24T20:29:45Z,8f153db6c14429d00c96003cefd0abc304cb4e6b929bbc283faca28c2573b3017e33f9da53860b6e30efe9c863a2badf6ee57b56403b6def085da836188c9a25,,,,,spaces,e-damla,ams3
edamla-ynturfoy8,windows,win64,https://e-damla.ams3.digitaloceanspaces.com/autoupdate/edamla-ynturfoy8/win64/latest.yml,https://e-damla.ams3.digitaloceanspaces.com/autoupdate/edamla-ynturfoy8/win64/%C5%9Fef%20yeni%20nesil%20f%C3%B6y%20t%C3%BCrk%C3%A7e%208.s%C4%B1n%C4%B1f.exe,2026.9.1,şef yeni nesil föy türkçe 8.sınıf,2026-09-25T01:50:09Z,0fff88a8c49fdcd1a07a1ddbd1708ee4018fc44de2f4573f9a4aa19bc7fad7d407868fa103d7abbb9dcf855e441050759d7c48410e2205a201ee7dcb9e1adba9,,,,,spaces,e-damla,ams3
edamla-ynturfoy8,linux,linux64,https://e-damla.ams3.digitaloceanspaces.com/autoupdate/edamla-ynturfoy8/linux64/latest.yml,https://e-damla.ams3.digitaloceanspaces.com/autoupdate/edamla-ynturfoy8/linux64/%C5%9Fef%20yeni%20nesil%20f%C3%B6y%20t%C3%BCrk%C3%A7e%208.s%C4%B1n%C4%B1f.AppImage,2026.9.1,şef yeni nesil föy türkçe 8.sınıf,2026-09-24T20:42:30Z,3f09d16637e176889cde85a9eda3dd442c4281b5338d6ec5c2f1baf88c0fcc0e957dd4c90815828e3980791f1ef32e7e2b0251fec8ba29c861fe6fd92f27825d,,,,,spaces,e-damla,ams3
edamla-ytest1,windows,win64,https://e-damla.ams3.digitaloceanspaces.com/autoupdate/edamla-ytest1/win64/latest.yml,https://e-damla.ams3.digitaloceanspaces.com/autoupdate/edamla-ytest1/win64/yeni%20nesil%20test%201.s%C4%B1n%C4%B1f.exe,2026.9.1,yeni nesil test 1.sınıf,2026-09-25T01:59:09Z,c022d7f62b6c455843fdea1370259d84f6ce98192a442ed5b51d0afeb7a5dffe528adf0d607771aa24ac1cb77f944b088477059815e42277aa1b849fa0e02a56,,,,,spaces,e-damla,ams3
edamla-ytest1,linux,linux64,https://e-damla.ams3.digitaloceanspaces.com/autoupdate/edamla-ytest1/linux64/latest.yml,https://e-damla.ams3.digitaloceanspaces.com/autoupdate/edamla-ytest1/linux64/yeni%20nesil%20test%201.s%C4%B1n%C4%B1f.AppImage,2026.9.1,yeni nesil test 1.sınıf,2026-09-24T20:49:17Z,b6fec370fafefb02238442edd863b2836f03ac05944bc8871866c37065d49c0aa94993bbea3a0f800751b92f306cf19701a637b5597a799ce9df96e8a0d42a06,,,,,spaces,e-damla,ams3
edamla-ytest3,windows,win64,https://e-damla.ams3.digitaloceanspaces.com/autoupdate/edamla-ytest3/win64/latest.yml,https://e-damla.ams3.digitaloceanspaces.com/autoupdate/edamla-ytest3/win64/yeni%20nesil%20test%203.s%C4%B1n%C4%B1f.exe,2026.9.1,yeni nesil test 3.sınıf,2026-09-25T02:03:37Z,18621074e365fa0dd77ef3bcb724497bbf12a0e0100f59de56fe7f1853c9db490bc0df66f4c8baf14ee232fb7ade43d8181af51e2a08f907996727f2de69aad2,,,,,spaces,e-damla,ams3
edamla-ytest4,windows,win64,https://e-damla.ams3.digitaloceanspaces.com/autoupdate/edamla-ytest4/win64/latest.yml,https://e-damla.ams3.digitaloceanspaces.com/autoupdate/edamla-ytest4/win64/yeni%20nesil%20test%204.s%C4%B1n%C4%B1f.exe,2026.9.1,yeni nesil test 4.sınıf,2026-09-22T07:34:35Z,eaaea976173398ff141945d23dda14561bc7b8aed94723552b672ac4cbb5763e4f2aa4032a19ee885d5e02ecb429361a44ab43774de0e381044a02b25f0941cd,,,,,spaces,e-damla,ams3
edamla-ytest4,linux,linux64,https://e-damla.ams3.digitaloceanspaces.com/autoupdate/edamla-ytest4/linux64/latest.yml,https://e-damla.ams3.digitaloceanspaces.com/autoupdate/edamla-ytest4/linux64/yeni%20nesil%20test%204.s%C4%B1n%C4%B1f.AppImage,2026.9.1,yeni nesil test 4.sınıf,2026-09-24T20:51:29Z,47c37c5ff1deab3fc4f940f5b9006978112fbbbcfb2f6bcf2b8dcb1f529301d31f740684342cfe8c958ba84702ed27a394f9d6eecc7ac84de0f6494ac0bdb1c1,,,,,spaces,e-damla,ams3
